{"type":"FeatureCollection","metadata":{"id":"pato-branco-streets-v1","source":"https://api.openstreetmap.org/api/0.6/map?bbox=-52.68,-26.237,-52.662,-26.222","retrieved_at":"2026-10-04T13:52:30.345759+00:00","source_sha256":"0cd15f40f6e2c9db9d458e8cc53b8bb66bdbd74c13392ba9a762758c1fdd76f8","features_sha256":"5cc88c1ab84f96489452e780e84d9e498e592aa437d111e09d3e824766aae0fe","bbox":[-52.68,-26.237,-52.662,-26.222],"highway_filter":["primary","secondary","tertiary","residential","unclassified","living_street","pedestrian","primary_link","secondary_link","tertiary_link"],"attribution":"© OpenStreetMap contributors","license":"ODbL-1.0","license_url":"https://opendatacommons.org/licenses/odbl/1-0/","copyright_url":"https://www.openstreetmap.org/copyright"},"features":[{"type":"Feature","id":"way/157480586","properties":{"name":"Rua Guarani","highway":"primary","osm_version":14,"osm_timestamp":"2024-10-24T01:29:39Z","osm_nodes":["1696973655","1699956587","1696973674","1696973677","1696973644","1696973619","1696973651","1696973667","12283201295","12283201296","12283201292","12283201294","12283201293","1696978172"]},"geometry":{"type":"LineString","coordinates":[[-52.6715484,-26.229067],[-52.6715365,-26.2289448],[-52.6715164,-26.2285342],[-52.6715447,-26.2283867],[-52.6716108,-26.2282512],[-52.671997,-26.2275864],[-52.6721351,-26.2273516],[-52.672239,-26.2271541],[-52.6722658,-26.2270869],[-52.6722776,-26.2270519],[-52.6722852,-26.2270216],[-52.6722906,-26.2269963],[-52.6722961,-26.2269614],[-52.6722995,-26.2269049]]}},{"type":"Feature","id":"way/157480593","properties":{"name":"Avenida Tupi","highway":"primary","osm_version":18,"osm_timestamp":"2024-01-02T19:37:35Z","osm_nodes":["8762805393","1701789220","1701785318","1701785317","8762805391","1696992225","1696992232","1696992244"]},"geometry":{"type":"LineString","coordinates":[[-52.6730255,-26.2190616],[-52.672989,-26.2191412],[-52.6724562,-26.2203972],[-52.6724118,-26.2205068],[-52.6723728,-26.2206011],[-52.6723228,-26.2207018],[-52.671952,-26.2216061],[-52.6715308,-26.2226062]]}},{"type":"Feature","id":"way/157480595","properties":{"name":"Rua Iguaçu","highway":"primary","osm_version":14,"osm_timestamp":"2024-10-24T01:29:39Z","osm_nodes":["1696978177","1696973621","1696973678","1696973675","1696973679","1696973671","1696973683","12283540811","1696984235","12283540813","12283540810","1696978223"]},"geometry":{"type":"LineString","coordinates":[[-52.6722876,-26.2268814],[-52.6722552,-26.2268374],[-52.6721925,-26.2267841],[-52.6720936,-26.2267351],[-52.6719801,-26.2266993],[-52.6718463,-26.2266877],[-52.6717139,-26.2266876],[-52.6716233,-26.2266905],[-52.671535,-26.2266968],[-52.6714898,-26.2267015],[-52.6714531,-26.2267129],[-52.6713947,-26.2267462]]}},{"type":"Feature","id":"way/157480602","properties":{"highway":"primary","osm_version":19,"osm_timestamp":"2022-07-23T01:44:12Z","osm_nodes":["1696973663","1696973656","8762969269","1696973689","1696973624","1696973662","4613246738","1696973660","1696973670","4613246739","5177245556","1696973618","4613246740","4613246741","1696973680","1696973665","4613246742","1696973636","4613246743","1696973673","1696973630","1696973663"]},"geometry":{"type":"LineString","coordinates":[[-52.6718757,-26.2321476],[-52.6719002,-26.2321483],[-52.6719247,-26.2321556],[-52.6719455,-26.2321693],[-52.6719609,-26.2321879],[-52.6719693,-26.2322098],[-52.67197,-26.2322328],[-52.671963,-26.2322549],[-52.6719491,-26.2322742],[-52.6719294,-26.2322888],[-52.6719057,-26.2322976],[-52.6718735,-26.2322989],[-52.671843,-26.2322895],[-52.6718186,-26.2322705],[-52.6718039,-26.2322448],[-52.6718005,-26.2322247],[-52.6718031,-26.2322045],[-52.6718116,-26.2321857],[-52.6718203,-26.2321745],[-52.6718311,-26.2321648],[-52.671852,-26.2321533],[-52.6718757,-26.2321476]]}},{"type":"Feature","id":"way/157480687","properties":{"highway":"primary","osm_version":15,"osm_timestamp":"2024-10-24T18:27:06Z","osm_nodes":["1696978206","1696978210","1696978186","1696978173","1696978175","1696978204","1696978174","1696978202","1696978205","1696978214","1696978208","1696978172","1696978177","12283201291","1696978169","1696978178","12283201297","1696978216","1696978170","1699995390","1696978206"]},"geometry":{"type":"LineString","coordinates":[[-52.672396,-26.2267927],[-52.672421,-26.2268054],[-52.6724398,-26.2268251],[-52.6724498,-26.2268494],[-52.67245,-26.2268753],[-52.6724404,-26.2268995],[-52.6724225,-26.2269192],[-52.6723973,-26.2269327],[-52.6723689,-26.2269374],[-52.6723457,-26.2269346],[-52.6723197,-26.2269234],[-52.6722995,-26.2269049],[-52.6722876,-26.2268814],[-52.6722854,-26.2268559],[-52.6722931,-26.2268309],[-52.6723098,-26.2268098],[-52.672328,-26.2267979],[-52.672347,-26.2267906],[-52.6723615,-26.2267886],[-52.6723787,-26.2267906],[-52.672396,-26.2267927]]}},{"type":"Feature","id":"way/157480688","properties":{"highway":"primary","osm_version":13,"osm_timestamp":"2022-07-23T01:30:54Z","osm_nodes":["1696978224","1696978181","1696988161","1696978189","1696978191","1696978188","1696978225","1696978180","1696978212","1696978223","1696978182","1696978193","1696978195","1696978203","1696978197","1696978176","1699972927","1696978179","1696978171","1696978184","1696978224"]},"geometry":{"type":"LineString","coordinates":[[-52.6713184,-26.2266423],[-52.6713504,-26.2266345],[-52.6713828,-26.2266409],[-52.6713945,-26.2266475],[-52.6714045,-26.2266559],[-52.6714124,-26.2266659],[-52.6714207,-26.2266868],[-52.6714203,-26.226709],[-52.6714112,-26.2267297],[-52.6713947,-26.2267462],[-52.6713696,-26.2267572],[-52.6713416,-26.2267586],[-52.6713154,-26.2267499],[-52.6713022,-26.2267404],[-52.671292,-26.2267283],[-52.6712853,-26.2267143],[-52.6712826,-26.2266994],[-52.6712835,-26.2266865],[-52.6712874,-26.226674],[-52.671294,-26.2266626],[-52.6713184,-26.2266423]]}},{"type":"Feature","id":"way/157482052","properties":{"name":"Rua Iguaçu","highway":"primary","osm_version":13,"osm_timestamp":"2025-03-29T20:22:37Z","osm_nodes":["1696978181","12710538786","1696973647","1696973685","1696973640","1696973672","1696973657","1696978206"]},"geometry":{"type":"LineString","coordinates":[[-52.6713504,-26.2266345],[-52.6716277,-26.2266363],[-52.6717966,-26.2266374],[-52.6719186,-26.226639],[-52.6720954,-26.2266718],[-52.6722526,-26.2267238],[-52.6723273,-26.2267559],[-52.672396,-26.2267927]]}},{"type":"Feature","id":"way/157482053","properties":{"name":"Avenida Tupi","highway":"primary","osm_version":19,"osm_timestamp":"2025-11-29T04:32:00Z","osm_nodes":["1701784989","1696988191","1700016674","1700016556","1696988156","1696988166","2342727016","1696988146","1696988148","1696988218","1696988208"]},"geometry":{"type":"LineString","coordinates":[[-52.6711436,-26.224759],[-52.6711505,-26.2240367],[-52.6711536,-26.2239211],[-52.6711611,-26.2238133],[-52.6711795,-26.2235892],[-52.6711895,-26.2234448],[-52.6711982,-26.2232986],[-52.671219,-26.2231976],[-52.671266,-26.2230508],[-52.6713277,-26.2228938],[-52.6713766,-26.2227753]]}},{"type":"Feature","id":"way/157482054","properties":{"name":"Avenida Tupi","highway":"primary","osm_version":20,"osm_timestamp":"2025-11-29T14:52:54Z","osm_nodes":["8762805377","1696988170","1696988182","1696988181","1696988185","8762805392","1701785316","8771240138","8771240142","1696988189","1701789187"]},"geometry":{"type":"LineString","coordinates":[[-52.6714122,-26.2226917],[-52.6714611,-26.2225888],[-52.671785,-26.2217569],[-52.6720165,-26.2212354],[-52.6722493,-26.2206574],[-52.6723063,-26.2205445],[-52.6723701,-26.2203818],[-52.6726136,-26.2198219],[-52.6727706,-26.2194606],[-52.67291,-26.2191401],[-52.6729517,-26.2190344]]}},{"type":"Feature","id":"way/157482390","properties":{"name":"Avenida Tupi","highway":"primary","osm_version":13,"osm_timestamp":"2022-07-23T01:30:54Z","osm_nodes":["1696992244","8762805380"]},"geometry":{"type":"LineString","coordinates":[[-52.6715308,-26.2226062],[-52.6714913,-26.2227181]]}},{"type":"Feature","id":"way/157482391","properties":{"name":"Rua Tapir","highway":"tertiary","osm_version":13,"osm_timestamp":"2022-07-23T01:30:54Z","osm_nodes":["1696992227","1699956601","3740626390","1699956568","1699956570"]},"geometry":{"type":"LineString","coordinates":[[-52.671567,-26.2227533],[-52.6727685,-26.2233133],[-52.6736243,-26.2237022],[-52.6742162,-26.2239717],[-52.6748288,-26.2242747]]}},{"type":"Feature","id":"way/157482393","properties":{"name":"Rua Tapir","highway":"tertiary","osm_version":11,"osm_timestamp":"2025-11-29T04:32:00Z","osm_nodes":["8762805380","1696992227"]},"geometry":{"type":"LineString","coordinates":[[-52.6714913,-26.2227181],[-52.671567,-26.2227533]]}},{"type":"Feature","id":"way/157482394","properties":{"name":"Avenida Tupi","highway":"primary","osm_version":17,"osm_timestamp":"2024-10-24T01:29:39Z","osm_nodes":["8762805380","1696988194","1696988155","1696988192","1696988187","1696988141","1700016736","1700016618","8762805378","1696988140","1696988172","1699972805","8762805379","1699972904","1696988144","1696978181"]},"geometry":{"type":"LineString","coordinates":[[-52.6714913,-26.2227181],[-52.6714101,-26.2228673],[-52.6713565,-26.2229894],[-52.6713096,-26.2231362],[-52.6712673,-26.2232854],[-52.6712472,-26.2234651],[-52.6712351,-26.2238165],[-52.6712356,-26.2238581],[-52.6712328,-26.2239443],[-52.671229,-26.2240591],[-52.6712306,-26.224764],[-52.6712176,-26.2255305],[-52.671226,-26.225649],[-52.6712335,-26.2257344],[-52.671342,-26.2265882],[-52.6713504,-26.2266345]]}},{"type":"Feature","id":"way/157631339","properties":{"name":"Rua Araribóia","highway":"tertiary","osm_version":14,"osm_timestamp":"2025-06-01T18:30:23Z","osm_nodes":["1698750938","1701765257","1698751173","1698751012","1698751059","1698751155","12879517171","1698750967","12879517254","1698750960"]},"geometry":{"type":"LineString","coordinates":[[-52.6657904,-26.2299],[-52.6642634,-26.2303744],[-52.663536,-26.23059],[-52.6621989,-26.2310046],[-52.6620119,-26.2310316],[-52.6616968,-26.2310338],[-52.6608994,-26.2309725],[-52.6607558,-26.2309615],[-52.6603004,-26.2309212],[-52.6601698,-26.2309097]]}},{"type":"Feature","id":"way/157631343","properties":{"name":"Rua Itacolomi","highway":"tertiary","osm_version":19,"osm_timestamp":"2025-11-30T15:52:15Z","osm_nodes":["1700057752","1699013149","1699013145","8767804865","1699972840"]},"geometry":{"type":"LineString","coordinates":[[-52.6707511,-26.2302092],[-52.6716468,-26.2301165],[-52.6717237,-26.2301105],[-52.6722819,-26.2300651],[-52.6727296,-26.2300205]]}},{"type":"Feature","id":"way/157631349","properties":{"name":"Rua Araribóia","highway":"tertiary","osm_version":11,"osm_timestamp":"2022-07-23T01:30:54Z","osm_nodes":["5177245544","1698751108"]},"geometry":{"type":"LineString","coordinates":[[-52.673554,-26.2287174],[-52.6725605,-26.2288115]]}},{"type":"Feature","id":"way/157631351","properties":{"name":"Rua Itacolomi","highway":"residential","osm_version":9,"osm_timestamp":"2013-01-14T17:58:47Z","osm_nodes":["1698751031","1701775746","2111041542","1701782738"]},"geometry":{"type":"LineString","coordinates":[[-52.6642486,-26.2309311],[-52.6649839,-26.2308482],[-52.6658412,-26.2307491],[-52.6675962,-26.2305463]]}},{"type":"Feature","id":"way/157632420","properties":{"name":"Avenida Brasil","highway":"tertiary","osm_version":18,"osm_timestamp":"2025-12-01T15:21:37Z","osm_nodes":["1698785012","8775279658","1698785040","8775652046","1702841373"]},"geometry":{"type":"LineString","coordinates":[[-52.6799302,-26.2220853],[-52.6804354,-26.2215495],[-52.6807697,-26.221195],[-52.6809606,-26.2209818],[-52.6814966,-26.2203829]]}},{"type":"Feature","id":"way/157632423","properties":{"name":"Avenida Brasil","highway":"tertiary","osm_version":22,"osm_timestamp":"2025-11-29T04:32:00Z","osm_nodes":["8762969277","8762969274","8762969275","1698784989","1698817130","8767942974","1698817142"]},"geometry":{"type":"LineString","coordinates":[[-52.6720164,-26.234191],[-52.6720927,-26.2341248],[-52.672158,-26.2340555],[-52.6722469,-26.2339287],[-52.6729415,-26.2327429],[-52.6735017,-26.2317876],[-52.6735855,-26.2316448]]}},{"type":"Feature","id":"way/157632425","properties":{"highway":"tertiary","access":"yes","osm_version":9,"osm_timestamp":"2021-05-25T01:25:20Z","osm_nodes":["8762969276","8762969277"]},"geometry":{"type":"LineString","coordinates":[[-52.6719259,-26.23427],[-52.6720164,-26.234191]]}},{"type":"Feature","id":"way/157633048","properties":{"name":"Rua Pedro Ramires de Mello","highway":"tertiary","osm_version":12,"osm_timestamp":"2024-08-26T00:57:19Z","osm_nodes":["1698837026","1698837034","1698837033","1698837024","1698836991"]},"geometry":{"type":"LineString","coordinates":[[-52.6803754,-26.2316771],[-52.6802118,-26.2316237],[-52.6790572,-26.2310846],[-52.6781296,-26.2306547],[-52.6780087,-26.2305594]]}},{"type":"Feature","id":"way/157633049","properties":{"highway":"tertiary_link","osm_version":11,"osm_timestamp":"2024-10-24T01:29:39Z","osm_nodes":["1698799121","5177245541","1698799126","1698799161","5177245542","1699972887","12283540807","5177245544"]},"geometry":{"type":"LineString","coordinates":[[-52.6735375,-26.2283896],[-52.6736247,-26.2284682],[-52.6736651,-26.2285144],[-52.6736776,-26.228568],[-52.6736644,-26.2286273],[-52.6736268,-26.2286742],[-52.6735957,-26.2286972],[-52.673554,-26.2287174]]}},{"type":"Feature","id":"way/157633051","properties":{"highway":"tertiary_link","osm_version":8,"osm_timestamp":"2024-10-24T01:29:39Z","osm_nodes":["1698799105","1698799114","12283540805","5177245545","5177245543","1698799145","5177245546","1698799100","12283540806"]},"geometry":{"type":"LineString","coordinates":[[-52.6738999,-26.2289584],[-52.6739554,-26.2288431],[-52.6739583,-26.2288133],[-52.6739547,-26.2287845],[-52.6739295,-26.2287345],[-52.6738977,-26.2287117],[-52.6738613,-26.2287053],[-52.6737903,-26.2287001],[-52.6736946,-26.228702]]}},{"type":"Feature","id":"way/157633052","properties":{"name":"Rua Pedro Ramires de Mello","highway":"tertiary","osm_version":11,"osm_timestamp":"2024-08-26T00:57:19Z","osm_nodes":["1698837026","1698836987","1698837053","1698837085","1698836991"]},"geometry":{"type":"LineString","coordinates":[[-52.6803754,-26.2316771],[-52.680244,-26.2315592],[-52.6784831,-26.2307352],[-52.678172,-26.2305884],[-52.6780087,-26.2305594]]}},{"type":"Feature","id":"way/157633053","properties":{"name":"Rua Araribóia","highway":"tertiary","osm_version":13,"osm_timestamp":"2025-11-29T04:32:00Z","osm_nodes":["1698836980","12283540806"]},"geometry":{"type":"LineString","coordinates":[[-52.6740883,-26.2286588],[-52.6736946,-26.228702]]}},{"type":"Feature","id":"way/157633059","properties":{"name":"Rua Pedro Ramires de Mello","highway":"tertiary","osm_version":11,"osm_timestamp":"2022-07-23T01:30:54Z","osm_nodes":["1698799121","1698836980"]},"geometry":{"type":"LineString","coordinates":[[-52.6735375,-26.2283896],[-52.6740883,-26.2286588]]}},{"type":"Feature","id":"way/157633264","properties":{"name":"Rua Tamoio","highway":"tertiary","osm_version":18,"osm_timestamp":"2025-11-30T16:53:11Z","osm_nodes":["1698799151","1699986953","1700016779"]},"geometry":{"type":"LineString","coordinates":[[-52.6745768,-26.2278414],[-52.6751159,-26.2268808],[-52.6757424,-26.2258793]]}},{"type":"Feature","id":"way/157633265","properties":{"name":"Rua Tamoio","highway":"tertiary","osm_version":13,"osm_timestamp":"2024-08-26T00:57:19Z","osm_nodes":["1698817090","1698817076","1698817069"]},"geometry":{"type":"LineString","coordinates":[[-52.6726147,-26.2311802],[-52.6729076,-26.2306832],[-52.6729471,-26.2305652]]}},{"type":"Feature","id":"way/157633267","properties":{"name":"Rua Tamoio","highway":"tertiary","osm_version":11,"osm_timestamp":"2024-08-26T00:57:19Z","osm_nodes":["1698817090","1701765217","1698817108"]},"geometry":{"type":"LineString","coordinates":[[-52.6726147,-26.2311802],[-52.6724343,-26.2314814],[-52.6723916,-26.2315203]]}},{"type":"Feature","id":"way/157633269","properties":{"name":"Rua Tamoio","highway":"tertiary","osm_version":10,"osm_timestamp":"2022-07-23T01:30:54Z","osm_nodes":["1698817144","1698817125","1698817133","5177245565"]},"geometry":{"type":"LineString","coordinates":[[-52.6721541,-26.2319308],[-52.6721231,-26.2320304],[-52.6720886,-26.2321062],[-52.6719924,-26.232283]]}},{"type":"Feature","id":"way/157633270","properties":{"name":"Rua Tamoio","highway":"tertiary","osm_version":9,"osm_timestamp":"2022-07-23T01:30:54Z","osm_nodes":["1698817108","1698817144"]},"geometry":{"type":"LineString","coordinates":[[-52.6723916,-26.2315203],[-52.6721541,-26.2319308]]}},{"type":"Feature","id":"way/157633271","properties":{"name":"Rua Tamoio","highway":"tertiary","osm_version":10,"osm_timestamp":"2022-07-23T01:30:54Z","osm_nodes":["1698817110","5177245553","1698817108"]},"geometry":{"type":"LineString","coordinates":[[-52.6727856,-26.2307904],[-52.6724017,-26.2314641],[-52.6723916,-26.2315203]]}},{"type":"Feature","id":"way/157633274","properties":{"name":"Rua Xavantes","highway":"residential","osm_version":10,"osm_timestamp":"2022-07-23T01:30:54Z","osm_nodes":["5177245565","1698817130"]},"geometry":{"type":"LineString","coordinates":[[-52.6719924,-26.232283],[-52.6729415,-26.2327429]]}},{"type":"Feature","id":"way/157633276","properties":{"highway":"tertiary_link","osm_version":13,"osm_timestamp":"2022-07-23T01:44:12Z","osm_nodes":["1698817071","1699051286","1698817107","5177245551","5177245552","1698817069"]},"geometry":{"type":"LineString","coordinates":[[-52.6727838,-26.2305031],[-52.6728164,-26.2305793],[-52.6728366,-26.2306062],[-52.6728633,-26.2306233],[-52.6728942,-26.2306255],[-52.6729471,-26.2305652]]}},{"type":"Feature","id":"way/157633278","properties":{"name":"Rua Caramuru","highway":"tertiary","osm_version":12,"osm_timestamp":"2022-07-23T01:44:12Z","osm_nodes":["1698817071","1698817099","1698817111","1698817110"]},"geometry":{"type":"LineString","coordinates":[[-52.6727838,-26.2305031],[-52.6727955,-26.2306396],[-52.6727955,-26.2307093],[-52.6727856,-26.2307904]]}},{"type":"Feature","id":"way/157633279","properties":{"name":"Rua Xavantes","highway":"residential","osm_version":18,"osm_timestamp":"2026-08-21T08:44:30Z","osm_nodes":["1698817130","8767592493","8767592495","1700016742"]},"geometry":{"type":"LineString","coordinates":[[-52.6729415,-26.2327429],[-52.6731775,-26.2328529],[-52.6734075,-26.23296],[-52.6740614,-26.2332731]]}},{"type":"Feature","id":"way/157637235","properties":{"name":"Avenida Tupi","highway":"primary","osm_version":20,"osm_timestamp":"2025-11-29T04:32:00Z","osm_nodes":["8762969276","6874571372","5177245563","1700050373","6037702590","1700050542","1696973680"]},"geometry":{"type":"LineString","coordinates":[[-52.6719259,-26.23427],[-52.6719083,-26.2340065],[-52.6718331,-26.2328181],[-52.6718306,-26.2327291],[-52.6718297,-26.2326953],[-52.6718136,-26.2324229],[-52.6718039,-26.2322448]]}},{"type":"Feature","id":"way/157637764","properties":{"name":"Avenida Tupi","highway":"primary","osm_version":11,"osm_timestamp":"2022-07-23T01:44:12Z","osm_nodes":["1695464068","1696973617","1701775612","1698931328","1698986011","1698986048","1698931323"]},"geometry":{"type":"LineString","coordinates":[[-52.6722461,-26.2395912],[-52.672239,-26.2393709],[-52.6721555,-26.2380837],[-52.6721028,-26.2372143],[-52.672096,-26.237112],[-52.6720898,-26.2370155],[-52.6720868,-26.2369358]]}},{"type":"Feature","id":"way/157637767","properties":{"name":"Avenida Tupi","highway":"primary","osm_version":11,"osm_timestamp":"2022-07-23T01:44:12Z","osm_nodes":["1698957414","1698986039","1698957440","1698957411","8767888834","1695464099"]},"geometry":{"type":"LineString","coordinates":[[-52.6721758,-26.2369327],[-52.6722059,-26.2373505],[-52.6722402,-26.238083],[-52.6723039,-26.2389793],[-52.6723241,-26.2393247],[-52.6723388,-26.2395772]]}},{"type":"Feature","id":"way/157639632","properties":{"name":"Travessa Santo Colla","highway":"tertiary","osm_version":12,"osm_timestamp":"2024-11-12T16:10:12Z","osm_nodes":["1698986018","8767440042"]},"geometry":{"type":"LineString","coordinates":[[-52.6719448,-26.2361374],[-52.6718995,-26.2360825]]}},{"type":"Feature","id":"way/157639639","properties":{"name":"Avenida Tupi","highway":"primary","osm_version":10,"osm_timestamp":"2024-11-12T16:10:12Z","osm_nodes":["1695474833","1698986034","12334977924","1698986033","1698957414"]},"geometry":{"type":"LineString","coordinates":[[-52.6721304,-26.2362954],[-52.6721463,-26.2365363],[-52.6721568,-26.2366597],[-52.6721612,-26.2367108],[-52.6721758,-26.2369327]]}},{"type":"Feature","id":"way/157639644","properties":{"name":"Avenida Tupi","highway":"primary","osm_version":15,"osm_timestamp":"2022-07-23T01:44:12Z","osm_nodes":["8762969278","1698986035","8767558440","8767558441","1698986037","1695474833"]},"geometry":{"type":"LineString","coordinates":[[-52.6720253,-26.2343139],[-52.6720341,-26.2344594],[-52.6720813,-26.2352946],[-52.672087,-26.2353955],[-52.6721237,-26.2360439],[-52.6721304,-26.2362954]]}},{"type":"Feature","id":"way/157639649","properties":{"name":"Avenida Tupi","highway":"primary","osm_version":10,"osm_timestamp":"2022-07-23T01:44:12Z","osm_nodes":["1698931323","1699003025"]},"geometry":{"type":"LineString","coordinates":[[-52.6720868,-26.2369358],[-52.6720382,-26.2362377]]}},{"type":"Feature","id":"way/157639653","properties":{"name":"Rua Paraná","highway":"tertiary","osm_version":9,"osm_timestamp":"2022-07-23T01:30:54Z","osm_nodes":["1698986013","1698986012","8762969273","1695474833"]},"geometry":{"type":"LineString","coordinates":[[-52.6723517,-26.2362062],[-52.6722864,-26.2362677],[-52.6722401,-26.2362884],[-52.6721304,-26.2362954]]}},{"type":"Feature","id":"way/157639655","properties":{"name":"Rua Doutor Francisco Beltrão","highway":"residential","osm_version":10,"osm_timestamp":"2025-11-30T15:09:26Z","osm_nodes":["1700050422","1698986016","1701775580","1701775964","1701775560","1701775695","1701775779"]},"geometry":{"type":"LineString","coordinates":[[-52.6709434,-26.2369942],[-52.6702408,-26.2370296],[-52.6686684,-26.2371026],[-52.6684884,-26.2371116],[-52.6677214,-26.2371601],[-52.6658114,-26.2372433],[-52.6643413,-26.2373159]]}},{"type":"Feature","id":"way/157642716","properties":{"name":"Avenida Tupi","highway":"primary","osm_version":12,"osm_timestamp":"2022-07-23T01:44:12Z","osm_nodes":["5177245556","5177245570","5177245571","5177245557","5177245572","5177245569"]},"geometry":{"type":"LineString","coordinates":[[-52.6719057,-26.2322976],[-52.6719003,-26.2323737],[-52.6718882,-26.2324489],[-52.6718768,-26.2325607],[-52.6718916,-26.232672],[-52.6719258,-26.2328183]]}},{"type":"Feature","id":"way/157642720","properties":{"name":"Avenida Tupi","highway":"primary","osm_version":14,"osm_timestamp":"2024-08-26T00:57:19Z","osm_nodes":["1699003025","1695474820"]},"geometry":{"type":"LineString","coordinates":[[-52.6720382,-26.2362377],[-52.6719623,-26.2347727]]}},{"type":"Feature","id":"way/157642727","properties":{"name":"Avenida Tupi","highway":"primary","osm_version":11,"osm_timestamp":"2022-07-23T01:44:12Z","osm_nodes":["1695474820","8767804867","8767804863","1699003041"]},"geometry":{"type":"LineString","coordinates":[[-52.6719623,-26.2347727],[-52.6719606,-26.234747],[-52.6719551,-26.2346652],[-52.6719346,-26.2343562]]}},{"type":"Feature","id":"way/157642730","properties":{"name":"Rua Paraná","highway":"tertiary","osm_version":14,"osm_timestamp":"2021-05-26T11:31:42Z","osm_nodes":["1700016742","8767592506","8767592498","8767592501","8767592512","1700016546","8768119414","8767558442","1698986015","1698986013"]},"geometry":{"type":"LineString","coordinates":[[-52.6740614,-26.2332731],[-52.6738941,-26.2335646],[-52.6736833,-26.2339291],[-52.6736057,-26.234067],[-52.6734581,-26.2343242],[-52.6731497,-26.2348616],[-52.6727311,-26.2355627],[-52.6726635,-26.2356759],[-52.672548,-26.2358694],[-52.6723517,-26.2362062]]}},{"type":"Feature","id":"way/157643806","properties":{"name":"Avenida Tupi","highway":"primary","osm_version":13,"osm_timestamp":"2022-07-23T01:44:12Z","osm_nodes":["1696973673","1696973666","1696973661","1700057837","1696973634","1699013149","1699013144","1696973655"]},"geometry":{"type":"LineString","coordinates":[[-52.6718311,-26.2321648],[-52.67182,-26.2321095],[-52.6718003,-26.231909],[-52.6716956,-26.2306055],[-52.6716614,-26.2302536],[-52.6716468,-26.2301165],[-52.6715654,-26.2291735],[-52.6715484,-26.229067]]}},{"type":"Feature","id":"way/157643808","properties":{"name":"Avenida Tupi","highway":"primary","osm_version":14,"osm_timestamp":"2022-07-23T01:30:54Z","osm_nodes":["1699051539","1699051483","1698751140","1699013145","1699013147","1699013143","1699013142","1696973656"]},"geometry":{"type":"LineString","coordinates":[[-52.6716163,-26.2289366],[-52.6716934,-26.229901],[-52.6717085,-26.2299961],[-52.6717237,-26.2301105],[-52.6717639,-26.2304952],[-52.6718562,-26.2317831],[-52.6718851,-26.2320305],[-52.6719002,-26.2321483]]}},{"type":"Feature","id":"way/157735736","properties":{"name":"Travessa Santo Colla","highway":"tertiary","osm_version":9,"osm_timestamp":"2024-11-12T16:10:12Z","osm_nodes":["1695474833","1699003025"]},"geometry":{"type":"LineString","coordinates":[[-52.6721304,-26.2362954],[-52.6720382,-26.2362377]]}},{"type":"Feature","id":"way/157742947","properties":{"name":"Rua Tapir","highway":"tertiary","osm_version":9,"osm_timestamp":"2022-07-23T01:30:54Z","osm_nodes":["1699956569","1699986900","1699956597"]},"geometry":{"type":"LineString","coordinates":[[-52.6752813,-26.2244904],[-52.6762579,-26.2249687],[-52.6772454,-26.2254468]]}},{"type":"Feature","id":"way/157742948","properties":{"name":"Rua Guarani","highway":"primary","osm_version":13,"osm_timestamp":"2024-11-12T12:35:46Z","osm_nodes":["1696978174","12136803090","1699956567","1699956585","1699956575","1699956591","8762805376","1699051539"]},"geometry":{"type":"LineString","coordinates":[[-52.6724225,-26.2269192],[-52.6723699,-26.2270354],[-52.6720182,-26.2276562],[-52.6716408,-26.228311],[-52.6715884,-26.2284352],[-52.6715909,-26.2285664],[-52.6716047,-26.2288266],[-52.6716163,-26.2289366]]}},{"type":"Feature","id":"way/157742949","properties":{"name":"Rua Caramuru","highway":"tertiary","osm_version":11,"osm_timestamp":"2022-07-23T01:30:54Z","osm_nodes":["1698836979","3740586422","1699956595"]},"geometry":{"type":"LineString","coordinates":[[-52.6760785,-26.2228926],[-52.6759733,-26.2230544],[-52.6751497,-26.2244222]]}},{"type":"Feature","id":"way/157742951","properties":{"name":"Rua Tapir","highway":"tertiary","osm_version":8,"osm_timestamp":"2022-07-23T01:30:54Z","osm_nodes":["1699956570","1699956595"]},"geometry":{"type":"LineString","coordinates":[[-52.6748288,-26.2242747],[-52.6751497,-26.2244222]]}},{"type":"Feature","id":"way/157742953","properties":{"name":"Rua Tapir","highway":"tertiary","osm_version":6,"osm_timestamp":"2022-07-23T01:44:12Z","osm_nodes":["1699956595","1699956569"]},"geometry":{"type":"LineString","coordinates":[[-52.6751497,-26.2244222],[-52.6752813,-26.2244904]]}},{"type":"Feature","id":"way/157742957","properties":{"name":"Rua Araribóia","highway":"tertiary","osm_version":11,"osm_timestamp":"2024-10-24T01:42:20Z","osm_nodes":["1701765261","1701765236","1700057795","1698750978"]},"geometry":{"type":"LineString","coordinates":[[-52.6706169,-26.2290434],[-52.6695481,-26.2291555],[-52.6684957,-26.2292691],[-52.6674434,-26.2294015]]}},{"type":"Feature","id":"way/157742960","properties":{"name":"Rua Pedro Ramires de Mello","highway":"tertiary","osm_version":8,"osm_timestamp":"2024-11-04T14:26:55Z","osm_nodes":["1699956567","1698837041","1698799121"]},"geometry":{"type":"LineString","coordinates":[[-52.6720182,-26.2276562],[-52.6729366,-26.2281151],[-52.6735375,-26.2283896]]}},{"type":"Feature","id":"way/157744356","properties":{"name":"Rua Itacolomi","highway":"tertiary","osm_version":11,"osm_timestamp":"2022-07-23T01:30:54Z","osm_nodes":["1698817103","5177245547","1698785058","1700016461","1701797161","1701797154","1698751147"]},"geometry":{"type":"LineString","coordinates":[[-52.6733242,-26.2299526],[-52.6734461,-26.2299675],[-52.6743236,-26.2303991],[-52.6754437,-26.2309445],[-52.6764342,-26.2314094],[-52.6773858,-26.2318686],[-52.6783144,-26.2323107]]}},{"type":"Feature","id":"way/157744361","properties":{"name":"Rua Silvio Vidal","highway":"tertiary","osm_version":13,"osm_timestamp":"2024-10-24T01:09:26Z","osm_nodes":["1699972896","5177245525","5177245524","1699972858","1699972781","1699972935","1696978195"]},"geometry":{"type":"LineString","coordinates":[[-52.6704047,-26.227594],[-52.6708503,-26.2275398],[-52.6713068,-26.2274857],[-52.6713849,-26.2274503],[-52.6714113,-26.2274166],[-52.671411,-26.2273545],[-52.6713154,-26.2267499]]}},{"type":"Feature","id":"way/157744365","properties":{"name":"Rua Ibiporã","highway":"residential","osm_version":11,"osm_timestamp":"2016-02-17T22:40:58Z","osm_nodes":["1699986953","2342169602","1699972779","1699972906"]},"geometry":{"type":"LineString","coordinates":[[-52.6751159,-26.2268808],[-52.6756251,-26.2271331],[-52.676113,-26.2273691],[-52.6772552,-26.2279156]]}},{"type":"Feature","id":"way/157744372","properties":{"name":"Rua Caramuru","highway":"tertiary","osm_version":8,"osm_timestamp":"2025-11-30T15:52:15Z","osm_nodes":["1698751108","1699972840"]},"geometry":{"type":"LineString","coordinates":[[-52.6725605,-26.2288115],[-52.6727296,-26.2300205]]}},{"type":"Feature","id":"way/157744376","properties":{"name":"Rua Iguaçu","highway":"tertiary","osm_version":12,"osm_timestamp":"2024-11-12T12:35:46Z","osm_nodes":["1696978195","12283540812","1699972815","1701765269"]},"geometry":{"type":"LineString","coordinates":[[-52.6713154,-26.2267499],[-52.6712475,-26.2267233],[-52.6712011,-26.2267117],[-52.6702958,-26.226803]]}},{"type":"Feature","id":"way/157744378","properties":{"name":"Rua Xingu","highway":"tertiary","osm_version":10,"osm_timestamp":"2024-08-26T00:57:19Z","osm_nodes":["1698817142","1698817090"]},"geometry":{"type":"LineString","coordinates":[[-52.6735855,-26.2316448],[-52.6726147,-26.2311802]]}},{"type":"Feature","id":"way/157744379","properties":{"name":"Rua Francisco Xavier","highway":"residential","osm_version":10,"osm_timestamp":"2024-08-26T01:36:28Z","osm_nodes":["1699972843","1701782670","1699972890","1699972864","1701782731","1699972873","8767373329","1699972777"]},"geometry":{"type":"LineString","coordinates":[[-52.6593228,-26.2295214],[-52.6599681,-26.2294443],[-52.6614338,-26.2292738],[-52.6630018,-26.229102],[-52.6641964,-26.2289599],[-52.6649997,-26.2289054],[-52.6660142,-26.2288952],[-52.6660397,-26.2289036]]}},{"type":"Feature","id":"way/157746786","properties":{"name":"Rua Guarani","highway":"tertiary","osm_version":11,"osm_timestamp":"2024-10-24T01:29:39Z","osm_nodes":["1699995369","1699995368","8771855859","1700016582","1699956568"]},"geometry":{"type":"LineString","coordinates":[[-52.6725549,-26.226729],[-52.673056,-26.225889],[-52.6734144,-26.2253025],[-52.6736566,-26.2248954],[-52.6742162,-26.2239717]]}},{"type":"Feature","id":"way/157746792","properties":{"name":"Rua Guarani","highway":"tertiary","osm_version":9,"osm_timestamp":"2024-10-24T01:29:39Z","osm_nodes":["1696978206","12283540802","12283540803","12283540804","1699995384","1699995369"]},"geometry":{"type":"LineString","coordinates":[[-52.672396,-26.2267927],[-52.6724485,-26.2267964],[-52.6724851,-26.2267836],[-52.6725048,-26.2267726],[-52.6725191,-26.2267605],[-52.6725549,-26.226729]]}},{"type":"Feature","id":"way/157746795","properties":{"name":"Rua Iguaçu","highway":"residential","osm_version":9,"osm_timestamp":"2024-10-24T01:29:39Z","osm_nodes":["1698799151","1699995376","1699995375","1699995370","12283201299","1699995377","12283201298","1699995380","1699995369"]},"geometry":{"type":"LineString","coordinates":[[-52.6745768,-26.2278414],[-52.6742548,-26.2276832],[-52.6734006,-26.227294],[-52.672552,-26.2269118],[-52.6725375,-26.226889],[-52.6725243,-26.2268661],[-52.6725212,-26.2268361],[-52.6725275,-26.2268025],[-52.6725549,-26.226729]]}},{"type":"Feature","id":"way/157746797","properties":{"name":"Rua Iguaçu","highway":"residential","osm_version":8,"osm_timestamp":"2021-05-27T10:36:12Z","osm_nodes":["1699995385","1699995371","1700016545"]},"geometry":{"type":"LineString","coordinates":[[-52.6779762,-26.2294732],[-52.6776141,-26.2293048],[-52.676692,-26.2288688]]}},{"type":"Feature","id":"way/157748798","properties":{"name":"Rua Itabira","highway":"tertiary","osm_version":12,"osm_timestamp":"2026-07-19T00:00:04Z","osm_nodes":["1701775953","12136802946","12136802948","1701785014","1701775632","13122142623","1701776022","1701775735","1701775848","13122142609"]},"geometry":{"type":"LineString","coordinates":[[-52.6666902,-26.2242514],[-52.6657614,-26.2243621],[-52.6655929,-26.2243741],[-52.6649323,-26.2243265],[-52.6645509,-26.2242816],[-52.6633786,-26.224178],[-52.6633399,-26.2241746],[-52.662309,-26.2240804],[-52.6611984,-26.2240136],[-52.6593603,-26.2238418]]}},{"type":"Feature","id":"way/157748800","properties":{"name":"Avenida Brasil","highway":"tertiary","osm_version":10,"osm_timestamp":"2022-07-23T01:30:54Z","osm_nodes":["1698799118","1699995378","1699972779","1700016542","1699956597","1698785031"]},"geometry":{"type":"LineString","coordinates":[[-52.6750968,-26.229133],[-52.6755607,-26.2283077],[-52.676113,-26.2273691],[-52.6767171,-26.226327],[-52.6772454,-26.2254468],[-52.6780124,-26.2241919]]}},{"type":"Feature","id":"way/157748803","properties":{"name":"Rua Farrapos","highway":"residential","osm_version":9,"osm_timestamp":"2025-11-30T16:53:11Z","osm_nodes":["1698785012","1699986979","8775652040","1701860339"]},"geometry":{"type":"LineString","coordinates":[[-52.6799302,-26.2220853],[-52.6791081,-26.2214441],[-52.6786753,-26.221103],[-52.6781599,-26.2206969]]}},{"type":"Feature","id":"way/157748805","properties":{"name":"Rua Tamoio","highway":"tertiary","osm_version":9,"osm_timestamp":"2024-08-26T00:57:19Z","osm_nodes":["1700016779","1699986900","1699986981","1699986906","1701867050","1699986902","1701860327","1699986979"]},"geometry":{"type":"LineString","coordinates":[[-52.6757424,-26.2258793],[-52.6762579,-26.2249687],[-52.6770576,-26.2237687],[-52.6772279,-26.2234592],[-52.6778024,-26.2228399],[-52.6782442,-26.2223935],[-52.6784067,-26.2222092],[-52.6791081,-26.2214441]]}},{"type":"Feature","id":"way/157748806","properties":{"name":"Rua Ibiporã","highway":"residential","osm_version":10,"osm_timestamp":"2013-01-14T17:37:18Z","osm_nodes":["1699972893","1701782685","1701782757","1699972816","1701782748","1701782706","1699972936","1700057727","1699972868"]},"geometry":{"type":"LineString","coordinates":[[-52.662149,-26.2266645],[-52.6626421,-26.2265927],[-52.663341,-26.2265012],[-52.6638765,-26.2264472],[-52.6649693,-26.2263246],[-52.66584,-26.2262263],[-52.6669911,-26.2260955],[-52.6680447,-26.2259701],[-52.6690769,-26.2258627]]}},{"type":"Feature","id":"way/157748808","properties":{"name":"Rua Guarani","highway":"tertiary","osm_version":8,"osm_timestamp":"2023-06-10T01:28:48Z","osm_nodes":["1699956568","1700016715"]},"geometry":{"type":"LineString","coordinates":[[-52.6742162,-26.2239717],[-52.6751474,-26.2224359]]}},{"type":"Feature","id":"way/157748809","properties":{"name":"Rua Itacolomi","highway":"tertiary","osm_version":12,"osm_timestamp":"2022-07-23T01:30:54Z","osm_nodes":["1698751147","1701823179","1701823151","1703082425","1703082444","1703082330","1701867077","1701872542","1705012908","1701872502","1698751101","1698751172"]},"geometry":{"type":"LineString","coordinates":[[-52.6783144,-26.2323107],[-52.6792516,-26.2327694],[-52.6799195,-26.2330955],[-52.6805549,-26.2334089],[-52.6812646,-26.2337619],[-52.6819325,-26.2340708],[-52.6826221,-26.2343998],[-52.6841952,-26.2351426],[-52.6857841,-26.235938],[-52.6862334,-26.2361462],[-52.687313,-26.2366682],[-52.6883912,-26.2371987]]}},{"type":"Feature","id":"way/157748810","properties":{"name":"Rua Itabira","highway":"tertiary","osm_version":10,"osm_timestamp":"2025-12-01T02:52:36Z","osm_nodes":["1700016552","1700016719","1700016582","1700016508","3786517957","1701860331","1700016457","8762805378","1700016674","1700016648","1700016507","1701765243"]},"geometry":{"type":"LineString","coordinates":[[-52.6745979,-26.2253434],[-52.6741297,-26.2251223],[-52.6736566,-26.2248954],[-52.6733051,-26.224708],[-52.6730731,-26.2245901],[-52.6725089,-26.2243539],[-52.6716047,-26.2240533],[-52.6712328,-26.2239443],[-52.6711536,-26.2239211],[-52.6710687,-26.223903],[-52.6701093,-26.2238887],[-52.6698845,-26.2239026]]}},{"type":"Feature","id":"way/157748811","properties":{"name":"Rua Itabira","highway":"tertiary","osm_version":10,"osm_timestamp":"2016-02-17T22:40:57Z","osm_nodes":["1700016739","1700016542","1700016779"]},"geometry":{"type":"LineString","coordinates":[[-52.6778344,-26.2268852],[-52.6767171,-26.226327],[-52.6757424,-26.2258793]]}},{"type":"Feature","id":"way/157748812","properties":{"name":"Rua Guarani","highway":"tertiary","osm_version":8,"osm_timestamp":"2022-07-23T01:30:54Z","osm_nodes":["1700016715","8775279660","1700016707","1700016684","1700016583","1701860333","1700016750","1700016710"]},"geometry":{"type":"LineString","coordinates":[[-52.6751474,-26.2224359],[-52.6753307,-26.2221139],[-52.6754791,-26.2218531],[-52.6756454,-26.2216558],[-52.675931,-26.2213863],[-52.6765023,-26.2207547],[-52.6766619,-26.2205838],[-52.6772332,-26.2199823]]}},{"type":"Feature","id":"way/157748814","properties":{"name":"Rua Ibiporã","highway":"tertiary","osm_version":11,"osm_timestamp":"2024-11-12T12:35:46Z","osm_nodes":["1701765213","8771855851","1696988145","8762805379","1699972766","1699972856","1701860344","1699972817","1699972845","1699995368","1699972810"]},"geometry":{"type":"LineString","coordinates":[[-52.67012,-26.2257479],[-52.6705664,-26.2257085],[-52.6711472,-26.2256541],[-52.671226,-26.225649],[-52.6716167,-26.2255923],[-52.6721263,-26.2255538],[-52.672189,-26.2255588],[-52.6723798,-26.2255839],[-52.6726501,-26.2256949],[-52.673056,-26.225889],[-52.6740173,-26.2263266]]}},{"type":"Feature","id":"way/157753551","properties":{"name":"Rua Mato Grosso","highway":"residential","osm_version":5,"osm_timestamp":"2013-06-12T18:06:19Z","osm_nodes":["1700050481","1700050439","1700050505"]},"geometry":{"type":"LineString","coordinates":[[-52.6710473,-26.2338442],[-52.670837,-26.2337675],[-52.6698155,-26.2336506]]}},{"type":"Feature","id":"way/157753552","properties":{"highway":"primary_link","osm_version":8,"osm_timestamp":"2021-05-26T09:47:13Z","osm_nodes":["5177245557","5177245555","5177245554","6037702590"]},"geometry":{"type":"LineString","coordinates":[[-52.6718768,-26.2325607],[-52.6718572,-26.2326396],[-52.6718474,-26.2326684],[-52.6718297,-26.2326953]]}},{"type":"Feature","id":"way/157753553","properties":{"name":"Rua Mato Grosso","highway":"residential","osm_version":8,"osm_timestamp":"2021-05-25T01:25:20Z","osm_nodes":["1700050481","5177245574","8762969276"]},"geometry":{"type":"LineString","coordinates":[[-52.6710473,-26.2338442],[-52.6717869,-26.2342018],[-52.6719259,-26.23427]]}},{"type":"Feature","id":"way/157753556","properties":{"highway":"residential","osm_version":5,"osm_timestamp":"2017-10-19T22:38:49Z","osm_nodes":["1700050481","1700050549"]},"geometry":{"type":"LineString","coordinates":[[-52.6710473,-26.2338442],[-52.6707854,-26.2342863]]}},{"type":"Feature","id":"way/157753558","properties":{"highway":"residential","osm_version":4,"osm_timestamp":"2012-10-10T17:31:33Z","osm_nodes":["1700050545","1700050542"]},"geometry":{"type":"LineString","coordinates":[[-52.6716728,-26.2327397],[-52.6718136,-26.2324229]]}},{"type":"Feature","id":"way/157753559","properties":{"name":"Rua Tamoio","highway":"residential","osm_version":6,"osm_timestamp":"2024-11-12T12:35:46Z","osm_nodes":["1700050545","1700050559","1700050481"]},"geometry":{"type":"LineString","coordinates":[[-52.6716728,-26.2327397],[-52.6714636,-26.2331316],[-52.6710473,-26.2338442]]}},{"type":"Feature","id":"way/157753560","properties":{"name":"Rua Tocantins","highway":"secondary","osm_version":11,"osm_timestamp":"2024-11-12T12:35:46Z","osm_nodes":["12283540814","1700057744","1700057813","1700057743","1700050439","1700050391","1700050549"]},"geometry":{"type":"LineString","coordinates":[[-52.6708268,-26.2307676],[-52.6709704,-26.2318193],[-52.6709872,-26.2319264],[-52.6709908,-26.2321105],[-52.670837,-26.2337675],[-52.6708128,-26.2339981],[-52.6707854,-26.2342863]]}},{"type":"Feature","id":"way/157753926","properties":{"name":"Rua Luiz Fravetto","highway":"residential","osm_version":9,"osm_timestamp":"2026-07-20T04:26:37Z","osm_nodes":["1700057744","1700057777","1700057746","1700057824","8767942985","1700057841","1700050505"]},"geometry":{"type":"LineString","coordinates":[[-52.6709704,-26.2318193],[-52.6708812,-26.2319272],[-52.6705096,-26.2322541],[-52.6699309,-26.2327706],[-52.669896,-26.2328332],[-52.6698786,-26.2330497],[-52.6698155,-26.2336506]]}},{"type":"Feature","id":"way/157753927","properties":{"name":"Rua Prefeito Tomazzoni","highway":"residential","osm_version":9,"osm_timestamp":"2022-05-10T12:00:07Z","osm_nodes":["1701775651","1700057783","1700057774","1700057817","1700057819","1700057750"]},"geometry":{"type":"LineString","coordinates":[[-52.6687092,-26.2353959],[-52.668811,-26.2344155],[-52.6688594,-26.2339022],[-52.6689419,-26.233271],[-52.6689259,-26.2327954],[-52.6689063,-26.2324543]]}},{"type":"Feature","id":"way/157753928","properties":{"name":"Rua Xavantes","highway":"residential","osm_version":8,"osm_timestamp":"2024-10-24T01:29:39Z","osm_nodes":["1700057744","1700057821","1696973636"]},"geometry":{"type":"LineString","coordinates":[[-52.6709704,-26.2318193],[-52.6710595,-26.2318353],[-52.6718116,-26.2321857]]}},{"type":"Feature","id":"way/157753929","properties":{"name":"Travessa Goiás","highway":"residential","osm_version":8,"osm_timestamp":"2024-10-24T01:29:39Z","osm_nodes":["1700057744","1700057837"]},"geometry":{"type":"LineString","coordinates":[[-52.6709704,-26.2318193],[-52.6716956,-26.2306055]]}},{"type":"Feature","id":"way/157753930","properties":{"name":"Rua Prefeito Graeff","highway":"residential","osm_version":10,"osm_timestamp":"2026-07-20T04:26:37Z","osm_nodes":["1701776013","1701765279","1701765283","1701775968","1701775622","1701775745"]},"geometry":{"type":"LineString","coordinates":[[-52.6628014,-26.2345672],[-52.663339,-26.2345865],[-52.6641328,-26.2346025],[-52.665004,-26.2344661],[-52.6661069,-26.2348099],[-52.6665714,-26.2348587]]}},{"type":"Feature","id":"way/157753931","properties":{"name":"Rua Franc. G. Neto","highway":"residential","osm_version":6,"osm_timestamp":"2022-05-10T12:00:07Z","osm_nodes":["1700057745","1700057809","1700057783"]},"geometry":{"type":"LineString","coordinates":[[-52.6697245,-26.2344438],[-52.6695597,-26.2344427],[-52.668811,-26.2344155]]}},{"type":"Feature","id":"way/157957456","properties":{"name":"Rua Bispo Dom Carlos Eduardo","highway":"residential","osm_version":6,"osm_timestamp":"2025-03-25T13:54:25Z","osm_nodes":["1698751059","1701765274","1701765238"]},"geometry":{"type":"LineString","coordinates":[[-52.6620119,-26.2310316],[-52.6620226,-26.2322614],[-52.6620431,-26.2332478]]}},{"type":"Feature","id":"way/157957462","properties":{"name":"Travessa Pinheiro Machado","highway":"residential","osm_version":8,"osm_timestamp":"2026-07-21T03:24:01Z","osm_nodes":["1701765274","1701765219","1701765264","1701765245","1701765251","1701765231","2111041559","1701765268","1701765263"]},"geometry":{"type":"LineString","coordinates":[[-52.6620226,-26.2322614],[-52.6627245,-26.2322537],[-52.6634542,-26.2321975],[-52.664204,-26.2321085],[-52.6649615,-26.2320137],[-52.6657124,-26.2319312],[-52.6660786,-26.2318798],[-52.6665249,-26.2318376],[-52.6677398,-26.2316877]]}},{"type":"Feature","id":"way/157957467","properties":{"name":"Rua Alagoas","highway":"residential","osm_version":8,"osm_timestamp":"2025-03-25T13:54:25Z","osm_nodes":["1698751173","1701765264","9117353056","1701765220","1701765279"]},"geometry":{"type":"LineString","coordinates":[[-52.663536,-26.23059],[-52.6634542,-26.2321975],[-52.6634383,-26.2330703],[-52.6634055,-26.2339128],[-52.663339,-26.2345865]]}},{"type":"Feature","id":"way/157957469","properties":{"name":"Rua Sergipe","highway":"residential","osm_version":5,"osm_timestamp":"2025-03-25T13:54:25Z","osm_nodes":["1701765257","1698751031","1701765245","1701765267","1701765283"]},"geometry":{"type":"LineString","coordinates":[[-52.6642634,-26.2303744],[-52.6642486,-26.2309311],[-52.664204,-26.2321085],[-52.6641446,-26.2339],[-52.6641328,-26.2346025]]}},{"type":"Feature","id":"way/157957471","properties":{"name":"Rua Tocantins","highway":"secondary","osm_version":12,"osm_timestamp":"2025-11-29T04:32:00Z","osm_nodes":["1701765261","2603055183","2111008341","1699972896"]},"geometry":{"type":"LineString","coordinates":[[-52.6706169,-26.2290434],[-52.6705129,-26.2283546],[-52.670416,-26.2276723],[-52.6704047,-26.227594]]}},{"type":"Feature","id":"way/157957474","properties":{"name":"Rua Goianases","highway":"tertiary","osm_version":5,"osm_timestamp":"2013-01-14T17:58:44Z","osm_nodes":["1700016588","1701765270","2111041564","1699972868","1701765212","2111041535","1701765259"]},"geometry":{"type":"LineString","coordinates":[[-52.6688393,-26.2240112],[-52.6689474,-26.2249188],[-52.6690656,-26.2257801],[-52.6690769,-26.2258627],[-52.6692212,-26.2269221],[-52.669334,-26.2276387],[-52.6693467,-26.2277192]]}},{"type":"Feature","id":"way/157958583","properties":{"name":"Rua Pedro de Lima","highway":"residential","osm_version":4,"osm_timestamp":"2013-06-13T00:24:51Z","osm_nodes":["1701775686","1701775710"]},"geometry":{"type":"LineString","coordinates":[[-52.6636941,-26.2357788],[-52.6637065,-26.2366588]]}},{"type":"Feature","id":"way/157958589","properties":{"name":"Rua Tapir","highway":"residential","osm_version":7,"osm_timestamp":"2026-07-18T18:35:56Z","osm_nodes":["1701775554","1701775627","1701775916","1701775637"]},"geometry":{"type":"LineString","coordinates":[[-52.6664229,-26.2223594],[-52.6653099,-26.2224875],[-52.6633716,-26.222733],[-52.662338,-26.2228483]]}},{"type":"Feature","id":"way/157958597","properties":{"name":"Rua Aracaju","highway":"residential","osm_version":8,"osm_timestamp":"2025-03-25T13:54:25Z","osm_nodes":["1701775746","1701765251","1701775981","1701775968"]},"geometry":{"type":"LineString","coordinates":[[-52.6649839,-26.2308482],[-52.6649615,-26.2320137],[-52.6649058,-26.2337841],[-52.665004,-26.2344661]]}},{"type":"Feature","id":"way/157958598","properties":{"name":"Rua Tapir","highway":"tertiary","osm_version":9,"osm_timestamp":"2022-01-31T13:54:10Z","osm_nodes":["1701765249","1701775947","8762805377"]},"geometry":{"type":"LineString","coordinates":[[-52.6696271,-26.2220189],[-52.6698787,-26.2220699],[-52.6714122,-26.2226917]]}},{"type":"Feature","id":"way/157958600","properties":{"name":"Rua Pioneiro José Catusso","highway":"residential","osm_version":8,"osm_timestamp":"2024-10-19T20:13:19Z","osm_nodes":["8767485075","1701775567","1701775686","1701775816","1701775780","1701775577","1701775974"]},"geometry":{"type":"LineString","coordinates":[[-52.6620192,-26.2360811],[-52.6628486,-26.2359741],[-52.6636941,-26.2357788],[-52.6639806,-26.2357822],[-52.6652076,-26.2358186],[-52.6657877,-26.2358376],[-52.6666894,-26.2358001]]}},{"type":"Feature","id":"way/157958601","properties":{"name":"Rua Itapuã","highway":"residential","osm_version":5,"osm_timestamp":"2018-10-01T16:30:32Z","osm_nodes":["1701775949","1701775964"]},"geometry":{"type":"LineString","coordinates":[[-52.6684303,-26.2364425],[-52.6684884,-26.2371116]]}},{"type":"Feature","id":"way/157958603","properties":{"name":"Rua Gotardo Dagostin","highway":"residential","osm_version":4,"osm_timestamp":"2013-06-12T18:06:21Z","osm_nodes":["1701775864","1701775745"]},"geometry":{"type":"LineString","coordinates":[[-52.6663731,-26.2334599],[-52.6665714,-26.2348587]]}},{"type":"Feature","id":"way/157958606","properties":{"name":"Travessa Ilhéus","highway":"residential","osm_version":4,"osm_timestamp":"2013-06-12T18:36:02Z","osm_nodes":["1701765268","1701775603"]},"geometry":{"type":"LineString","coordinates":[[-52.6665249,-26.2318376],[-52.6666976,-26.2329201]]}},{"type":"Feature","id":"way/157958621","properties":{"name":"Rua Francisco B. da Rocha","highway":"residential","osm_version":6,"osm_timestamp":"2021-05-05T03:24:14Z","osm_nodes":["8699919854","8699919853","8699919852","8699919851","8699919850","6821646645","1701775812","1701775710","1701775785","1701775999","1701775673","1701775949","1700050487"]},"geometry":{"type":"LineString","coordinates":[[-52.6601851,-26.2372757],[-52.6605928,-26.2372035],[-52.6611453,-26.2370929],[-52.6615211,-26.2369703],[-52.661781,-26.2368763],[-52.66206,-26.2368378],[-52.662895,-26.2367283],[-52.6637065,-26.2366588],[-52.6643061,-26.2366249],[-52.6658285,-26.2365539],[-52.6676544,-26.236477],[-52.6684303,-26.2364425],[-52.6709005,-26.236323]]}},{"type":"Feature","id":"way/157958622","properties":{"name":"Rua Lindomar Dietrich","highway":"residential","osm_version":4,"osm_timestamp":"2013-06-12T18:36:02Z","osm_nodes":["1701765231","1701775607"]},"geometry":{"type":"LineString","coordinates":[[-52.6657124,-26.2319312],[-52.6656998,-26.2335892]]}},{"type":"Feature","id":"way/157958627","properties":{"name":"Rua Prefeito Plácido Machado","highway":"residential","osm_version":4,"osm_timestamp":"2013-06-12T18:06:21Z","osm_nodes":["1701776005","1701775563"]},"geometry":{"type":"LineString","coordinates":[[-52.6673588,-26.2348949],[-52.6670553,-26.2332459]]}},{"type":"Feature","id":"way/157958628","properties":{"name":"Rua José Viganó","highway":"residential","osm_version":5,"osm_timestamp":"2018-10-01T16:30:32Z","osm_nodes":["1701775673","1701775560"]},"geometry":{"type":"LineString","coordinates":[[-52.6676544,-26.236477],[-52.6677214,-26.2371601]]}},{"type":"Feature","id":"way/157959188","properties":{"name":"Rua Tupinambá","highway":"residential","osm_version":8,"osm_timestamp":"2024-12-22T15:42:23Z","osm_nodes":["1699972929","1701782680","1701782706","1701782722","12136802948","12441757793","1701782666","1701775627","1701789932","1701782746","1701782690"]},"geometry":{"type":"LineString","coordinates":[[-52.6661253,-26.2280635],[-52.6659884,-26.2272857],[-52.66584,-26.2262263],[-52.6657128,-26.225283],[-52.6655929,-26.2243741],[-52.6655831,-26.2243143],[-52.6653994,-26.22319],[-52.6653099,-26.2224875],[-52.6652226,-26.2219148],[-52.6651477,-26.2213801],[-52.665008,-26.2204397]]}},{"type":"Feature","id":"way/157959190","properties":{"name":"Rua Primo Mioto","highway":"residential","osm_version":6,"osm_timestamp":"2024-10-19T17:09:06Z","osm_nodes":["1701782731","1701782727","1701782684","1699972816"]},"geometry":{"type":"LineString","coordinates":[[-52.6641964,-26.2289599],[-52.6641117,-26.2282947],[-52.6640117,-26.2275096],[-52.6638765,-26.2264472]]}},{"type":"Feature","id":"way/157959195","properties":{"highway":"residential","osm_version":3,"osm_timestamp":"2012-10-10T17:31:35Z","osm_nodes":["1701782683","1701782679"]},"geometry":{"type":"LineString","coordinates":[[-52.6649984,-26.2258926],[-52.665187,-26.225872]]}},{"type":"Feature","id":"way/157959197","properties":{"name":"Rua Olivio Copetti","highway":"residential","osm_version":7,"osm_timestamp":"2024-08-26T01:36:28Z","osm_nodes":["1701782712","1701782682"]},"geometry":{"type":"LineString","coordinates":[[-52.6615856,-26.2302359],[-52.6630835,-26.2297962]]}},{"type":"Feature","id":"way/157959201","properties":{"name":"Travessa Ivo Cantu","highway":"residential","osm_version":4,"osm_timestamp":"2013-06-12T17:00:55Z","osm_nodes":["1701782757","1701782681","1701782739","1701776022","1701782717","1701775916"]},"geometry":{"type":"LineString","coordinates":[[-52.663341,-26.2265012],[-52.6633546,-26.2255495],[-52.6633353,-26.2249701],[-52.6633399,-26.2241746],[-52.6633657,-26.2232426],[-52.6633716,-26.222733]]}},{"type":"Feature","id":"way/157959202","properties":{"name":"Travessa Eugênio Parzianelo","highway":"residential","osm_version":6,"osm_timestamp":"2025-06-30T18:42:06Z","osm_nodes":["1701782748","1701782683","1701782756"]},"geometry":{"type":"LineString","coordinates":[[-52.6649693,-26.2263246],[-52.6649984,-26.2258926],[-52.6650059,-26.2258088]]}},{"type":"Feature","id":"way/157959208","properties":{"name":"Rua Presidente Costa e Silva","highway":"residential","osm_version":4,"osm_timestamp":"2013-06-13T00:24:52Z","osm_nodes":["1701782689","1701765238","1701782703"]},"geometry":{"type":"LineString","coordinates":[[-52.6627093,-26.2332589],[-52.6620431,-26.2332478],[-52.6601393,-26.2332194]]}},{"type":"Feature","id":"way/157959210","properties":{"name":"Rua Diogo A. Feijó","highway":"residential","osm_version":4,"osm_timestamp":"2013-06-12T18:36:02Z","osm_nodes":["1701765219","1701782689","1701782747"]},"geometry":{"type":"LineString","coordinates":[[-52.6627245,-26.2322537],[-52.6627093,-26.2332589],[-52.6627055,-26.2339659]]}},{"type":"Feature","id":"way/157959480","properties":{"name":"Rua José Catani","highway":"residential","osm_version":6,"osm_timestamp":"2025-11-30T04:44:32Z","osm_nodes":["1701775637","1701785004","1701785027","1701784985","1701784997","1701784979","1701785022","1701785024"]},"geometry":{"type":"LineString","coordinates":[[-52.662338,-26.2228483],[-52.6623618,-26.2217097],[-52.6624095,-26.2207256],[-52.6624359,-26.22003],[-52.6624462,-26.2193771],[-52.6624773,-26.2184391],[-52.6625267,-26.2175135],[-52.6625546,-26.2161219]]}},{"type":"Feature","id":"way/157959481","properties":{"name":"Travessa Pagnoncelli","highway":"residential","osm_version":4,"osm_timestamp":"2013-06-12T17:00:55Z","osm_nodes":["1701775632","1701785013"]},"geometry":{"type":"LineString","coordinates":[[-52.6645509,-26.2242816],[-52.664609,-26.223657]]}},{"type":"Feature","id":"way/157959482","properties":{"name":"Rua Salvador","highway":"residential","osm_version":7,"osm_timestamp":"2025-03-25T13:54:25Z","osm_nodes":["1701785014","1701785012","1701785007","1701782739","1701784986","1701784983","1701784984","1701784992","1701785003","1701785002","1701785011","1701784998","1701785025"]},"geometry":{"type":"LineString","coordinates":[[-52.6649323,-26.2243265],[-52.6647177,-26.2244166],[-52.6641995,-26.2246208],[-52.6633353,-26.2249701],[-52.662775,-26.2252119],[-52.6623472,-26.2252589],[-52.6622158,-26.2252613],[-52.6614726,-26.2250617],[-52.6613224,-26.2250425],[-52.6611615,-26.2250388],[-52.6610219,-26.2250834],[-52.6609616,-26.2251604],[-52.6609026,-26.2252843]]}},{"type":"Feature","id":"way/157959484","properties":{"highway":"residential","osm_version":3,"osm_timestamp":"2012-10-10T17:31:35Z","osm_nodes":["1701785014","1701785021"]},"geometry":{"type":"LineString","coordinates":[[-52.6649323,-26.2243265],[-52.665078,-26.2253549]]}},{"type":"Feature","id":"way/157959485","properties":{"name":"Travessa Luis Batistus","highway":"residential","osm_version":4,"osm_timestamp":"2013-06-12T17:00:55Z","osm_nodes":["1701785007","1701785015"]},"geometry":{"type":"LineString","coordinates":[[-52.6641995,-26.2246208],[-52.6642931,-26.2254439]]}},{"type":"Feature","id":"way/157959486","properties":{"name":"Rua Jaciretã","highway":"residential","osm_version":7,"osm_timestamp":"2025-11-29T04:32:00Z","osm_nodes":["1701765210","1701765270","1700057785","1701782699","1701782722","1701785021","1701785015","1701782681","1701784987","1701784978","1701785009","1701784976","1701784991","1701785018","1701785019","1701785010","1701784994","1701785028","1701785005","1701784982","1701784999"]},"geometry":{"type":"LineString","coordinates":[[-52.6699991,-26.224825],[-52.6689474,-26.2249188],[-52.6678971,-26.2250272],[-52.6668449,-26.2251585],[-52.6657128,-26.225283],[-52.665078,-26.2253549],[-52.6642931,-26.2254439],[-52.6633546,-26.2255495],[-52.6621721,-26.225672],[-52.6616491,-26.2257243],[-52.6614123,-26.2257546],[-52.6612647,-26.2257876],[-52.6611699,-26.2258615],[-52.6611159,-26.2259318],[-52.6610641,-26.2260082],[-52.660969,-26.2261051],[-52.6608369,-26.2262347],[-52.6607081,-26.2263526],[-52.6605472,-26.2264933],[-52.6604278,-26.2265908],[-52.6603152,-26.226681]]}},{"type":"Feature","id":"way/157960143","properties":{"name":"Rua Osvaldo Aranha","highway":"residential","osm_version":13,"osm_timestamp":"2025-09-05T23:42:26Z","osm_nodes":["1698785032","1699986906","1698836979","1700016715","8775644923","3740626389","1701824632","8762805391","13122036265","8762805392","1701789206","1701789182","1701765221","1701789189","1700057724","1701782715"]},"geometry":{"type":"LineString","coordinates":[[-52.6781733,-26.223926],[-52.6772279,-26.2234592],[-52.6760785,-26.2228926],[-52.6751474,-26.2224359],[-52.6744324,-26.2219838],[-52.6743161,-26.221906],[-52.6732799,-26.2212208],[-52.6723728,-26.2206011],[-52.6723394,-26.2205727],[-52.6723063,-26.2205445],[-52.6714322,-26.2199681],[-52.6704445,-26.219612],[-52.6693662,-26.2192568],[-52.6684966,-26.2189265],[-52.6674876,-26.2185657],[-52.6665068,-26.2182243]]}},{"type":"Feature","id":"way/157960151","properties":{"name":"Rua Carlos Caldart","highway":"residential","osm_version":5,"osm_timestamp":"2024-08-26T00:57:19Z","osm_nodes":["1701782666","1701789209","1701782717"]},"geometry":{"type":"LineString","coordinates":[[-52.6653994,-26.22319],[-52.6638097,-26.2232824],[-52.6633657,-26.2232426]]}},{"type":"Feature","id":"way/157960247","properties":{"name":"Rua Otílio Amadori","highway":"residential","osm_version":5,"osm_timestamp":"2024-08-26T00:57:19Z","osm_nodes":["1701789932","1701789991"]},"geometry":{"type":"LineString","coordinates":[[-52.6652226,-26.2219148],[-52.6638689,-26.2220793]]}},{"type":"Feature","id":"way/157960929","properties":{"name":"Rua Visconde de Tamandaré","highway":"residential","osm_version":10,"osm_timestamp":"2026-07-21T03:24:01Z","osm_nodes":["1701797079","1701797077","1701797154","1698837024","1698837085"]},"geometry":{"type":"LineString","coordinates":[[-52.6759847,-26.2342037],[-52.6766378,-26.2331281],[-52.6773858,-26.2318686],[-52.6781296,-26.2306547],[-52.678172,-26.2305884]]}},{"type":"Feature","id":"way/157960933","properties":{"name":"Rua Dona Ernestina","highway":"residential","osm_version":5,"osm_timestamp":"2017-10-19T22:38:46Z","osm_nodes":["1701797156","1701797159","1701797073"]},"geometry":{"type":"LineString","coordinates":[[-52.6790571,-26.236151],[-52.6788372,-26.236258],[-52.6780213,-26.2366266]]}},{"type":"Feature","id":"way/157960937","properties":{"name":"Rua Venezuela","highway":"residential","osm_version":3,"osm_timestamp":"2013-06-12T17:09:43Z","osm_nodes":["1701797121","1701797116","1701797169","1701797125","1701797147","1701797091"]},"geometry":{"type":"LineString","coordinates":[[-52.6787849,-26.2279821],[-52.6791912,-26.228518],[-52.6798216,-26.229395],[-52.6800737,-26.229697],[-52.6806799,-26.2300158],[-52.6814885,-26.2304441]]}},{"type":"Feature","id":"way/157960939","properties":{"name":"Rua Argentina","highway":"residential","osm_version":8,"osm_timestamp":"2026-07-18T18:35:56Z","osm_nodes":["1701797070","1701797096","1701797160","1701797162","1701797105","1701797118"]},"geometry":{"type":"LineString","coordinates":[[-52.6780513,-26.2281331],[-52.6781157,-26.2283111],[-52.6783785,-26.2289608],[-52.6786763,-26.2296922],[-52.6787916,-26.230082],[-52.6810701,-26.231143]]}},{"type":"Feature","id":"way/157960940","properties":{"name":"Rua Doutor Beltrão","highway":"residential","osm_version":5,"osm_timestamp":"2024-01-02T19:37:35Z","osm_nodes":["1698957414","1701797117","1701797074","1701797106"]},"geometry":{"type":"LineString","coordinates":[[-52.6721758,-26.2369327],[-52.6731635,-26.2368765],[-52.674433,-26.2368222],[-52.6758868,-26.2367488]]}},{"type":"Feature","id":"way/157960942","properties":{"name":"Rua Lauro Bertol","highway":"residential","osm_version":5,"osm_timestamp":"2021-06-03T04:17:05Z","osm_nodes":["1701797053","1701797095","5177245548","1701797156"]},"geometry":{"type":"LineString","coordinates":[[-52.6792704,-26.2370544],[-52.6792033,-26.236175],[-52.679151,-26.2361293],[-52.6790571,-26.236151]]}},{"type":"Feature","id":"way/157960947","properties":{"name":"Rua Barão do Rio Branco","highway":"residential","osm_version":5,"osm_timestamp":"2021-05-28T09:08:08Z","osm_nodes":["1698799146","8775873432","1701797161","1701797086","1701797068","1701797097","1701797117","1701797129","8767558450","1701797115","1701797127"]},"geometry":{"type":"LineString","coordinates":[[-52.6771635,-26.2301517],[-52.6767182,-26.2309265],[-52.6764342,-26.2314094],[-52.6756697,-26.2326645],[-52.6750244,-26.2337388],[-52.6740887,-26.2353263],[-52.6731635,-26.2368765],[-52.6732238,-26.2380338],[-52.6732721,-26.238753],[-52.673318,-26.2394357],[-52.6733255,-26.2395741]]}},{"type":"Feature","id":"way/157960948","properties":{"name":"Rua João Pessoa","highway":"residential","osm_version":7,"osm_timestamp":"2024-08-26T00:57:19Z","osm_nodes":["1698837033","8775873430","1698751147","1701797163","1701797083","1701797049","5177245549","5177245550","1701797106","1701797069","2342203063","1701797132","1701797167","8776073184","1701797103","1701797119","1701797153"]},"geometry":{"type":"LineString","coordinates":[[-52.6790572,-26.2310846],[-52.6787834,-26.231541],[-52.6783144,-26.2323107],[-52.6775806,-26.2335754],[-52.6769382,-26.2346593],[-52.6760182,-26.2362436],[-52.6759659,-26.2363783],[-52.6759149,-26.2365648],[-52.6758868,-26.2367488],[-52.6759551,-26.2379097],[-52.6760088,-26.2387933],[-52.6760433,-26.2394565],[-52.6761536,-26.2409663],[-52.6761735,-26.2414762],[-52.6761979,-26.2420994],[-52.6762551,-26.2432228],[-52.6763538,-26.2445283]]}},{"type":"Feature","id":"way/157960951","properties":{"name":"Rua Paraguai","highway":"residential","osm_version":3,"osm_timestamp":"2013-06-12T17:09:43Z","osm_nodes":["1701797050","1701797098","1701797121","1701797096"]},"geometry":{"type":"LineString","coordinates":[[-52.6791403,-26.2275364],[-52.6789069,-26.2278624],[-52.6787849,-26.2279821],[-52.6781157,-26.2283111]]}},{"type":"Feature","id":"way/157963736","properties":{"name":"Rua Bolívia","highway":"residential","osm_version":3,"osm_timestamp":"2013-06-12T17:09:43Z","osm_nodes":["1701823164","1701823161","2342177216"]},"geometry":{"type":"LineString","coordinates":[[-52.6811036,-26.2292832],[-52.6802292,-26.2288609],[-52.6799288,-26.2287238]]}},{"type":"Feature","id":"way/157963739","properties":{"name":"Rua Chile","highway":"residential","osm_version":3,"osm_timestamp":"2013-06-12T17:09:43Z","osm_nodes":["1701797160","1701823155","1701797116","1701823153"]},"geometry":{"type":"LineString","coordinates":[[-52.6783785,-26.2289608],[-52.6788385,-26.2287117],[-52.6791912,-26.228518],[-52.6797102,-26.2277938]]}},{"type":"Feature","id":"way/157963741","properties":{"name":"Rua Uruguai","highway":"residential","osm_version":3,"osm_timestamp":"2013-06-12T17:09:43Z","osm_nodes":["1701797162","1701797169"]},"geometry":{"type":"LineString","coordinates":[[-52.6786763,-26.2296922],[-52.6798216,-26.229395]]}},{"type":"Feature","id":"way/157963744","properties":{"name":"Rua Genuino Piacentini","highway":"residential","osm_version":6,"osm_timestamp":"2025-12-01T03:42:47Z","osm_nodes":["1701797130","12136803085","1701823178"]},"geometry":{"type":"LineString","coordinates":[[-52.6769505,-26.2366753],[-52.6769469,-26.2366083],[-52.6778447,-26.2350714]]}},{"type":"Feature","id":"way/157963753","properties":{"name":"Rua Genuino Piacentini","highway":"residential","osm_version":12,"osm_timestamp":"2026-07-21T03:24:01Z","osm_nodes":["1701797130","1701797054","6821663104","1701797128","1701823245","1701823246"]},"geometry":{"type":"LineString","coordinates":[[-52.6769505,-26.2366753],[-52.6770388,-26.2378495],[-52.6770562,-26.2382561],[-52.6771219,-26.2394073],[-52.6772131,-26.2409193],[-52.6772828,-26.2420489]]}},{"type":"Feature","id":"way/157965144","properties":{"name":"Rua Marins Camargo","highway":"residential","osm_version":7,"osm_timestamp":"2021-05-28T04:19:39Z","osm_nodes":["2603055181","8775098528","1701867061","1700016777","1701860340","1701860327","1701860335","1701860333"]},"geometry":{"type":"LineString","coordinates":[[-52.6820784,-26.2249855],[-52.6817306,-26.2247133],[-52.6811774,-26.2243507],[-52.6801515,-26.2235747],[-52.6791872,-26.2228372],[-52.6784067,-26.2222092],[-52.6774384,-26.2214777],[-52.6765023,-26.2207547]]}},{"type":"Feature","id":"way/157965145","properties":{"name":"Rua Tapajós","highway":"tertiary","osm_version":7,"osm_timestamp":"2024-11-12T12:35:46Z","osm_nodes":["1696973685","1701860344"]},"geometry":{"type":"LineString","coordinates":[[-52.6719186,-26.226639],[-52.672189,-26.2255588]]}},{"type":"Feature","id":"way/157965270","properties":{"name":"Rua Pio XII","highway":"residential","osm_version":5,"osm_timestamp":"2019-10-20T17:01:38Z","osm_nodes":["1701862509","1700016583","1701867039","1701867050","1701867033","1700016771","1702841530","6900622283","1702841341"]},"geometry":{"type":"LineString","coordinates":[[-52.6752705,-26.2208906],[-52.675931,-26.2213863],[-52.6768658,-26.2221058],[-52.6778024,-26.2228399],[-52.678581,-26.2234761],[-52.6795547,-26.2241859],[-52.6805435,-26.2249629],[-52.6809561,-26.2252795],[-52.6814661,-26.2256536]]}},{"type":"Feature","id":"way/157965338","properties":{"name":"Rua Xingu","highway":"tertiary","osm_version":9,"osm_timestamp":"2025-12-01T03:42:47Z","osm_nodes":["1701872508","1701872515","1699972899","1699972811","1703082383","1701867042","1699972928","1703082397","1703082345","1701823144","1701823177"]},"geometry":{"type":"LineString","coordinates":[[-52.6869683,-26.2381202],[-52.685738,-26.237512],[-52.6844363,-26.2368619],[-52.6834504,-26.2363963],[-52.682662,-26.2360235],[-52.6818863,-26.235645],[-52.6812109,-26.235321],[-52.6805431,-26.2349937],[-52.6798121,-26.2346463],[-52.6791775,-26.2343261],[-52.6785167,-26.2340133]]}},{"type":"Feature","id":"way/157965342","properties":{"name":"Rua Tapir","highway":"tertiary","osm_version":7,"osm_timestamp":"2022-07-23T01:44:12Z","osm_nodes":["1699956597","1700016547"]},"geometry":{"type":"LineString","coordinates":[[-52.6772454,-26.2254468],[-52.6783566,-26.2259874]]}},{"type":"Feature","id":"way/158041304","properties":{"name":"Rua 10 de Maio","highway":"residential","osm_version":5,"osm_timestamp":"2013-12-31T11:37:16Z","osm_nodes":["1702841436","1702841784","1701872517","1702841576","1702841578","1702841341"]},"geometry":{"type":"LineString","coordinates":[[-52.6797193,-26.2270785],[-52.6802561,-26.2269472],[-52.680275,-26.2269291],[-52.680618,-26.2265565],[-52.6809039,-26.2262605],[-52.6814661,-26.2256536]]}},{"type":"Feature","id":"way/158041313","properties":{"highway":"residential","osm_version":2,"osm_timestamp":"2012-10-10T17:31:37Z","osm_nodes":["1700016622","1702841576"]},"geometry":{"type":"LineString","coordinates":[[-52.6788667,-26.2252025],[-52.680618,-26.2265565]]}},{"type":"Feature","id":"way/158041323","properties":{"name":"Rua Marechal Costa e Silva","highway":"residential","osm_version":4,"osm_timestamp":"2019-10-20T17:01:38Z","osm_nodes":["1702841854","1702841530","6900622282","1701867061","6900622281","1701867063","1701865222","1701865187","1702841522","1702841510","1702841879"]},"geometry":{"type":"LineString","coordinates":[[-52.6799878,-26.225562],[-52.6805435,-26.2249629],[-52.6808381,-26.2247405],[-52.6811774,-26.2243507],[-52.6813839,-26.2241125],[-52.6816294,-26.2238767],[-52.6820612,-26.2234364],[-52.6825333,-26.2229239],[-52.6830335,-26.2223909],[-52.6834989,-26.2219],[-52.6839481,-26.221414]]}},{"type":"Feature","id":"way/158041332","properties":{"name":"Rua Teofilo Augusto Loiola","highway":"residential","osm_version":3,"osm_timestamp":"2013-06-12T12:59:19Z","osm_nodes":["1700016783","1702841854","1702841578","1701823152"]},"geometry":{"type":"LineString","coordinates":[[-52.6790786,-26.2248452],[-52.6799878,-26.225562],[-52.6809039,-26.2262605],[-52.6823137,-26.2273274]]}},{"type":"Feature","id":"way/158044199","properties":{"name":"Rua Pedro José da Silva","highway":"residential","osm_version":5,"osm_timestamp":"2015-09-13T16:47:04Z","osm_nodes":["1702887346","1701797073","1701797055","1701797110","1701797057","3741502196","1702887486","1702887335","1701823545","1702887275","1701832756"]},"geometry":{"type":"LineString","coordinates":[[-52.6779229,-26.236383],[-52.6780213,-26.2366266],[-52.678058,-26.2371278],[-52.6781177,-26.2377984],[-52.6781988,-26.2393459],[-52.67826,-26.2404891],[-52.6782748,-26.2408479],[-52.6783544,-26.2419911],[-52.6783934,-26.2431083],[-52.6785177,-26.2450272],[-52.6785743,-26.2463045]]}},{"type":"Feature","id":"way/158060644","properties":{"name":"Rua Valdemar Ferraza","highway":"residential","osm_version":3,"osm_timestamp":"2013-06-12T17:22:16Z","osm_nodes":["1703082345","1703082425","1703082377"]},"geometry":{"type":"LineString","coordinates":[[-52.6798121,-26.2346463],[-52.6805549,-26.2334089],[-52.6812888,-26.2321526]]}},{"type":"Feature","id":"way/158064003","properties":{"name":"Rua Clarice Cerqueira","highway":"residential","osm_version":7,"osm_timestamp":"2026-07-21T03:24:01Z","osm_nodes":["1701797118","14030263495","1701823156","1701823151","10536882081","1701823144","1701823172"]},"geometry":{"type":"LineString","coordinates":[[-52.6810701,-26.231143],[-52.6809832,-26.2312829],[-52.6806448,-26.2318278],[-52.6799195,-26.2330955],[-52.6792618,-26.2341864],[-52.6791775,-26.2343261],[-52.6785119,-26.235397]]}},{"type":"Feature","id":"way/158273959","properties":{"name":"Rua Tocantins","highway":"secondary","osm_version":5,"osm_timestamp":"2024-08-26T00:57:19Z","osm_nodes":["1701765249","1701765246","2111041562","1701765211","1701765256","1701765221"]},"geometry":{"type":"LineString","coordinates":[[-52.6696271,-26.2220189],[-52.6694421,-26.2209092],[-52.6694271,-26.2208069],[-52.6693065,-26.219952],[-52.6692491,-26.2195174],[-52.6693662,-26.2192568]]}},{"type":"Feature","id":"way/158273963","properties":{"name":"Rua Tocantins","highway":"secondary","osm_version":5,"osm_timestamp":"2024-10-24T01:29:39Z","osm_nodes":["1701765243","2603055180","1701765249"]},"geometry":{"type":"LineString","coordinates":[[-52.6698845,-26.2239026],[-52.6697958,-26.2233503],[-52.6696271,-26.2220189]]}},{"type":"Feature","id":"way/183866130","properties":{"highway":"residential","osm_version":4,"osm_timestamp":"2024-10-24T01:29:39Z","osm_nodes":["1699995370","12283540801","1699995374","12283201300","1696978174"]},"geometry":{"type":"LineString","coordinates":[[-52.672552,-26.2269118],[-52.6725241,-26.2269042],[-52.6724996,-26.226902],[-52.6724655,-26.2269023],[-52.6724225,-26.2269192]]}},{"type":"Feature","id":"way/189669691","properties":{"name":"Rua Tapajós","highway":"tertiary","osm_version":5,"osm_timestamp":"2024-11-12T12:35:46Z","osm_nodes":["1701860344","1701860331"]},"geometry":{"type":"LineString","coordinates":[[-52.672189,-26.2255588],[-52.6725089,-26.2243539]]}},{"type":"Feature","id":"way/189669692","properties":{"name":"Rua Silvio Vidal","highway":"tertiary","osm_version":4,"osm_timestamp":"2016-07-20T22:29:57Z","osm_nodes":["1701765259","1699972896"]},"geometry":{"type":"LineString","coordinates":[[-52.6693467,-26.2277192],[-52.6704047,-26.227594]]}},{"type":"Feature","id":"way/201142215","properties":{"name":"Rua Iguaçu","highway":"residential","osm_version":3,"osm_timestamp":"2025-11-30T15:09:26Z","osm_nodes":["1699972937","1699972921","1701782680","1699972785","1701782684","1699972828","1942835451"]},"geometry":{"type":"LineString","coordinates":[[-52.6681835,-26.2270354],[-52.667132,-26.22716],[-52.6659884,-26.2272857],[-52.6648891,-26.2274027],[-52.6640117,-26.2275096],[-52.662793,-26.2276454],[-52.6612098,-26.2278258]]}},{"type":"Feature","id":"way/201142216","properties":{"name":"Rua Silvio Vidal","highway":"residential","osm_version":6,"osm_timestamp":"2026-07-19T00:00:04Z","osm_nodes":["1701782754","1699972929","1701782727","1701782675","1699972800","1699972902"]},"geometry":{"type":"LineString","coordinates":[[-52.6672627,-26.2279495],[-52.6661253,-26.2280635],[-52.6641117,-26.2282947],[-52.6629058,-26.2284324],[-52.6613293,-26.2286127],[-52.6598702,-26.2287723]]}},{"type":"Feature","id":"way/201147715","properties":{"name":"Rua Tapajós","highway":"tertiary","osm_version":3,"osm_timestamp":"2025-01-25T01:34:05Z","osm_nodes":["1701860331","1699956601","3786517961","1701824632","1701789190","1701860346","1701824633"]},"geometry":{"type":"LineString","coordinates":[[-52.6725089,-26.2243539],[-52.6727685,-26.2233133],[-52.6729719,-26.2225765],[-52.6732799,-26.2212208],[-52.6740438,-26.219441],[-52.6745748,-26.2183138],[-52.6750179,-26.2171819]]}},{"type":"Feature","id":"way/201147719","properties":{"name":"Rua Ibiporã","highway":"tertiary","osm_version":2,"osm_timestamp":"2016-02-17T22:41:00Z","osm_nodes":["1699972868","1701765213"]},"geometry":{"type":"LineString","coordinates":[[-52.6690769,-26.2258627],[-52.67012,-26.2257479]]}},{"type":"Feature","id":"way/201147720","properties":{"name":"Rua Goianases","highway":"tertiary","osm_version":3,"osm_timestamp":"2022-01-31T13:43:01Z","osm_nodes":["1701765259","1701765236"]},"geometry":{"type":"LineString","coordinates":[[-52.6693467,-26.2277192],[-52.6695481,-26.2291555]]}},{"type":"Feature","id":"way/201147722","properties":{"name":"Rua Goianases","highway":"residential","osm_version":3,"osm_timestamp":"2021-05-26T10:43:16Z","osm_nodes":["1701765244","1700016588"]},"geometry":{"type":"LineString","coordinates":[[-52.6685697,-26.2221269],[-52.6688393,-26.2240112]]}},{"type":"Feature","id":"way/201150447","properties":{"name":"Rua Goianases","highway":"tertiary","osm_version":4,"osm_timestamp":"2022-01-31T13:30:59Z","osm_nodes":["1701765236","1701765207"]},"geometry":{"type":"LineString","coordinates":[[-52.6695481,-26.2291555],[-52.6696884,-26.2303282]]}},{"type":"Feature","id":"way/201150448","properties":{"name":"Travessa Santo Antônio","highway":"residential","osm_version":5,"osm_timestamp":"2024-08-26T01:36:28Z","osm_nodes":["1698750938","2111041542","2111041559"]},"geometry":{"type":"LineString","coordinates":[[-52.6657904,-26.2299],[-52.6658412,-26.2307491],[-52.6660786,-26.2318798]]}},{"type":"Feature","id":"way/222969872","properties":{"name":"Rua Aimoré","highway":"residential","osm_version":7,"osm_timestamp":"2025-11-30T15:09:26Z","osm_nodes":["1698751043","1700057795","1700057789","1699972937"]},"geometry":{"type":"LineString","coordinates":[[-52.6686515,-26.2304356],[-52.6684957,-26.2292691],[-52.6682903,-26.2278456],[-52.6681835,-26.2270354]]}},{"type":"Feature","id":"way/222969873","properties":{"name":"Travessa Pará","highway":"residential","osm_version":2,"osm_timestamp":"2022-05-10T12:00:07Z","osm_nodes":["1700057750","2319128599"]},"geometry":{"type":"LineString","coordinates":[[-52.6689063,-26.2324543],[-52.6678563,-26.2325644]]}},{"type":"Feature","id":"way/225352943","properties":{"name":"Travessa José Rodrigues Pinto","highway":"tertiary","osm_version":6,"osm_timestamp":"2022-07-23T01:44:12Z","osm_nodes":["2603055182","2341396813","2341396816"]},"geometry":{"type":"LineString","coordinates":[[-52.6789565,-26.226284],[-52.6794501,-26.2271297],[-52.6800066,-26.2279346]]}},{"type":"Feature","id":"way/225398373","properties":{"name":"Rua Pedro Ramires de Mello","highway":"tertiary","osm_version":8,"osm_timestamp":"2024-08-26T00:57:19Z","osm_nodes":["1698836991","1698799146","8775296491","1700016645","1698799118","1698836980"]},"geometry":{"type":"LineString","coordinates":[[-52.6780087,-26.2305594],[-52.6771635,-26.2301517],[-52.6770214,-26.2300827],[-52.6762066,-26.2296729],[-52.6750968,-26.229133],[-52.6740883,-26.2286588]]}},{"type":"Feature","id":"way/225441952","properties":{"name":"Travessa G. Granzotto","highway":"residential","osm_version":2,"osm_timestamp":"2013-12-31T11:37:25Z","osm_nodes":["2342169601","1699995371"]},"geometry":{"type":"LineString","coordinates":[[-52.6777267,-26.2287201],[-52.6776141,-26.2293048]]}},{"type":"Feature","id":"way/225441953","properties":{"name":"Rua Antônio Camozato","highway":"residential","osm_version":2,"osm_timestamp":"2025-06-30T18:41:03Z","osm_nodes":["2342169599","2342169602"]},"geometry":{"type":"LineString","coordinates":[[-52.6753954,-26.2275111],[-52.6756251,-26.2271331]]}},{"type":"Feature","id":"way/225442669","properties":{"name":"Rua Ibiporã","highway":"tertiary","osm_version":3,"osm_timestamp":"2021-05-25T00:36:27Z","osm_nodes":["1699972810","1699986953"]},"geometry":{"type":"LineString","coordinates":[[-52.6740173,-26.2263266],[-52.6751159,-26.2268808]]}},{"type":"Feature","id":"way/225445899","properties":{"name":"Rua Mato Grosso","highway":"residential","osm_version":4,"osm_timestamp":"2026-07-20T04:26:37Z","osm_nodes":["1701797165","1701797097","1700016546","1699003039","8762969278","8762969276"]},"geometry":{"type":"LineString","coordinates":[[-52.6750365,-26.2357805],[-52.6740887,-26.2353263],[-52.6731497,-26.2348616],[-52.6722921,-26.2344416],[-52.6720253,-26.2343139],[-52.6719259,-26.23427]]}},{"type":"Feature","id":"way/225449887","properties":{"name":"Rua Vereador José A. da Silva","highway":"residential","osm_version":4,"osm_timestamp":"2026-07-20T04:26:37Z","osm_nodes":["1701775915","1701775651","1700057757"]},"geometry":{"type":"LineString","coordinates":[[-52.6682412,-26.2353569],[-52.6687092,-26.2353959],[-52.6696018,-26.2354585]]}},{"type":"Feature","id":"way/225451745","properties":{"name":"Rua Daniel Pagnoncelli","highway":"residential","osm_version":3,"osm_timestamp":"2022-05-10T12:00:07Z","osm_nodes":["1699972864","1701782675","1699972828","1701782685"]},"geometry":{"type":"LineString","coordinates":[[-52.6630018,-26.229102],[-52.6629058,-26.2284324],[-52.662793,-26.2276454],[-52.6626421,-26.2265927]]}},{"type":"Feature","id":"way/225451746","properties":{"name":"Travessa Indus","highway":"residential","osm_version":3,"osm_timestamp":"2022-05-10T12:00:07Z","osm_nodes":["1699972777","8767373330","1699972905","1699972844","1699972803","1698751188"]},"geometry":{"type":"LineString","coordinates":[[-52.6660397,-26.2289036],[-52.6660638,-26.2289235],[-52.6661114,-26.2291484],[-52.6661543,-26.229449],[-52.666275,-26.2296518],[-52.6663388,-26.2297319]]}},{"type":"Feature","id":"way/225499284","properties":{"name":"Ladeira do Beto","highway":"residential","osm_version":4,"osm_timestamp":"2021-05-27T05:33:31Z","osm_nodes":["2603055180","2342727027","2342727019","2342727025","2342727016"]},"geometry":{"type":"LineString","coordinates":[[-52.6697958,-26.2233503],[-52.6707099,-26.2232437],[-52.6708547,-26.2232461],[-52.6710452,-26.2232654],[-52.6711982,-26.2232986]]}},{"type":"Feature","id":"way/225510114","properties":{"name":"Rua Itapuã","highway":"residential","osm_version":3,"osm_timestamp":"2024-08-26T01:36:28Z","osm_nodes":["1701775666","1701776011","1701775915"]},"geometry":{"type":"LineString","coordinates":[[-52.6678897,-26.2328708],[-52.6681824,-26.2349396],[-52.6682412,-26.2353569]]}},{"type":"Feature","id":"way/225510116","properties":{"name":"Rua Pioneiro Alberto Braun","highway":"residential","osm_version":9,"osm_timestamp":"2025-11-30T04:44:32Z","osm_nodes":["1701775680","1701775533","1701775575","1701775936","6821646655","1701775809","8767942972","1701775749","1701782747","1701775858","1701765220","1701765267","1701775981","1701775607","1701775864","1701775534","1701775563","1701775666"]},"geometry":{"type":"LineString","coordinates":[[-52.6589567,-26.2341962],[-52.6595734,-26.2341916],[-52.6601208,-26.2341762],[-52.6613063,-26.2341817],[-52.6618034,-26.2341412],[-52.6618374,-26.2341384],[-52.6622463,-26.2340627],[-52.6623309,-26.234047],[-52.6627055,-26.2339659],[-52.6630469,-26.2339424],[-52.6634055,-26.2339128],[-52.6641446,-26.2339],[-52.6649058,-26.2337841],[-52.6656998,-26.2335892],[-52.6663731,-26.2334599],[-52.6668156,-26.2333445],[-52.6670553,-26.2332459],[-52.6678897,-26.2328708]]}},{"type":"Feature","id":"way/293604875","properties":{"name":"Rua Caramuru","highway":"tertiary","osm_version":7,"osm_timestamp":"2024-11-04T14:28:47Z","osm_nodes":["1700016552","1699972810","1699995375","1698837041","1698751108"]},"geometry":{"type":"LineString","coordinates":[[-52.6745979,-26.2253434],[-52.6740173,-26.2263266],[-52.6734006,-26.227294],[-52.6729366,-26.2281151],[-52.6725605,-26.2288115]]}},{"type":"Feature","id":"way/296370357","properties":{"name":"Rua Goianases","highway":"residential","osm_version":2,"osm_timestamp":"2021-05-25T00:36:27Z","osm_nodes":["1701765265","1701765266"]},"geometry":{"type":"LineString","coordinates":[[-52.6698433,-26.231491],[-52.6698536,-26.2317419]]}},{"type":"Feature","id":"way/398426847","properties":{"name":"Rua Itabira","highway":"tertiary","osm_version":6,"osm_timestamp":"2026-07-18T18:35:56Z","osm_nodes":["1700016739","1700016607","8775996874","1701797050","1700016586","1701823153","2341396816","1701823168","1700016782","1701823166","1957335791"]},"geometry":{"type":"LineString","coordinates":[[-52.6778344,-26.2268852],[-52.6782766,-26.2271045],[-52.678402,-26.2271672],[-52.6791403,-26.2275364],[-52.6794823,-26.2276976],[-52.6797102,-26.2277938],[-52.6800066,-26.2279346],[-52.6805954,-26.2282438],[-52.6808649,-26.2283653],[-52.6814711,-26.228648],[-52.6823007,-26.2290395]]}},{"type":"Feature","id":"way/398426848","properties":{"name":"Rua Paraná","highway":"tertiary","osm_version":3,"osm_timestamp":"2021-05-25T00:36:27Z","osm_nodes":["1700016547","1700016739"]},"geometry":{"type":"LineString","coordinates":[[-52.6783566,-26.2259874],[-52.6778344,-26.2268852]]}},{"type":"Feature","id":"way/398426849","properties":{"name":"Rua Tapir","highway":"residential","osm_version":5,"osm_timestamp":"2026-07-18T18:35:56Z","osm_nodes":["2603055182","1701872532","1701872517","1701823163","1701823145","1701872536"]},"geometry":{"type":"LineString","coordinates":[[-52.6789565,-26.226284],[-52.6791698,-26.2263947],[-52.680275,-26.2269291],[-52.681156,-26.2273547],[-52.6820001,-26.227744],[-52.6829758,-26.2282137]]}},{"type":"Feature","id":"way/398426851","properties":{"name":"Rua Paraná","highway":"tertiary","osm_version":6,"osm_timestamp":"2025-12-01T04:25:23Z","osm_nodes":["1700016652","1700016777","1700016771","1700016720","1700016717","1700016783","1700016622","1700016547"]},"geometry":{"type":"LineString","coordinates":[[-52.6805954,-26.2231079],[-52.6801515,-26.2235747],[-52.6795547,-26.2241859],[-52.679446,-26.224299],[-52.6792583,-26.2245396],[-52.6790786,-26.2248452],[-52.6788667,-26.2252025],[-52.6783566,-26.2259874]]}},{"type":"Feature","id":"way/398426852","properties":{"name":"Rua Paraná","highway":"tertiary","osm_version":4,"osm_timestamp":"2026-07-18T18:35:56Z","osm_nodes":["1700016739","1699972906"]},"geometry":{"type":"LineString","coordinates":[[-52.6778344,-26.2268852],[-52.6772552,-26.2279156]]}},{"type":"Feature","id":"way/398426853","properties":{"name":"Rua Iguaçu","highway":"residential","osm_version":2,"osm_timestamp":"2024-08-26T00:57:19Z","osm_nodes":["1700016545","1699995378","1698799151"]},"geometry":{"type":"LineString","coordinates":[[-52.676692,-26.2288688],[-52.6755607,-26.2283077],[-52.6745768,-26.2278414]]}},{"type":"Feature","id":"way/398426854","properties":{"name":"Rua Xavantes","highway":"residential","osm_version":9,"osm_timestamp":"2026-07-18T18:35:56Z","osm_nodes":["1701823172","1703082419","1701867052"]},"geometry":{"type":"LineString","coordinates":[[-52.6785119,-26.235397],[-52.6805846,-26.2363988],[-52.681208,-26.2367095]]}},{"type":"Feature","id":"way/398426855","properties":{"name":"Rua Paraná","highway":"tertiary","osm_version":3,"osm_timestamp":"2021-05-25T00:36:27Z","osm_nodes":["1700016545","1700016645","1700016461","1700016686","1700016742"]},"geometry":{"type":"LineString","coordinates":[[-52.676692,-26.2288688],[-52.6762066,-26.2296729],[-52.6754437,-26.2309445],[-52.6747247,-26.2321842],[-52.6740614,-26.2332731]]}},{"type":"Feature","id":"way/398426858","properties":{"name":"Rua Caramuru","highway":"tertiary","osm_version":2,"osm_timestamp":"2022-07-23T01:30:54Z","osm_nodes":["1701860339","1701860335","1701867039","1698836979"]},"geometry":{"type":"LineString","coordinates":[[-52.6781599,-26.2206969],[-52.6774384,-26.2214777],[-52.6768658,-26.2221058],[-52.6760785,-26.2228926]]}},{"type":"Feature","id":"way/533683812","properties":{"highway":"residential","osm_version":4,"osm_timestamp":"2021-05-26T12:24:58Z","osm_nodes":["5177245563","5177245562","5177245561","5177245560","1700050545"]},"geometry":{"type":"LineString","coordinates":[[-52.6718331,-26.2328181],[-52.6718204,-26.2327911],[-52.6718034,-26.2327637],[-52.6717679,-26.2327478],[-52.6716728,-26.2327397]]}},{"type":"Feature","id":"way/533683813","properties":{"name":"Avenida Tupi","highway":"tertiary","osm_version":8,"osm_timestamp":"2022-07-23T01:44:12Z","osm_nodes":["5177245565","5177245566","5177245567","5177245568","5177245558","5177245569"]},"geometry":{"type":"LineString","coordinates":[[-52.6719924,-26.232283],[-52.6719563,-26.2323376],[-52.6719325,-26.2324031],[-52.6719211,-26.2325583],[-52.671914,-26.2326647],[-52.6719258,-26.2328183]]}},{"type":"Feature","id":"way/583257710","properties":{"name":"Rua Pedro Ivo","highway":"residential","osm_version":5,"osm_timestamp":"2021-05-26T07:58:51Z","osm_nodes":["5576239159","8767416429","5576253098","5576239156","5576253097","5576253096","5576239155","5576253095","8767473132","5576239154","1701775584","1701775571","1701775698","1701775695","1701775999","1701775577"]},"geometry":{"type":"LineString","coordinates":[[-52.6654717,-26.2406078],[-52.6660216,-26.2407148],[-52.6661959,-26.2407293],[-52.6663247,-26.2406932],[-52.6664065,-26.240615],[-52.666432,-26.2405452],[-52.6664226,-26.2404646],[-52.666377,-26.2403672],[-52.6658661,-26.2393981],[-52.6658338,-26.2393015],[-52.6658245,-26.2391155],[-52.6658159,-26.238583],[-52.6658117,-26.2379284],[-52.6658114,-26.2372433],[-52.6658285,-26.2365539],[-52.6657877,-26.2358376]]}},{"type":"Feature","id":"way/676327767","properties":{"name":"Rua Goianases","highway":"residential","osm_version":3,"osm_timestamp":"2026-07-21T03:24:01Z","osm_nodes":["1701765207","14030263494"]},"geometry":{"type":"LineString","coordinates":[[-52.6696884,-26.2303282],[-52.6698227,-26.2313362]]}},{"type":"Feature","id":"way/727946111","properties":{"highway":"living_street","osm_version":1,"osm_timestamp":"2019-09-25T03:32:41Z","osm_nodes":["6821646658","6821646659"]},"geometry":{"type":"LineString","coordinates":[[-52.6617652,-26.2336332],[-52.6620833,-26.2336319]]}},{"type":"Feature","id":"way/734030779","properties":{"name":"Rua Tamoio","highway":"tertiary","osm_version":4,"osm_timestamp":"2022-07-23T01:30:54Z","osm_nodes":["1698817144","1696973662"]},"geometry":{"type":"LineString","coordinates":[[-52.6721541,-26.2319308],[-52.6719693,-26.2322098]]}},{"type":"Feature","id":"way/942239566","properties":{"name":"Rua Caramuru","highway":"tertiary","osm_version":3,"osm_timestamp":"2022-07-23T01:30:54Z","osm_nodes":["1699956595","1700016552"]},"geometry":{"type":"LineString","coordinates":[[-52.6751497,-26.2244222],[-52.6745979,-26.2253434]]}},{"type":"Feature","id":"way/946646993","properties":{"name":"Avenida Tupi","highway":"primary","osm_version":4,"osm_timestamp":"2022-07-23T01:44:12Z","osm_nodes":["5177245569","1696973686","8762969279","8762969277","8762969278"]},"geometry":{"type":"LineString","coordinates":[[-52.6719258,-26.2328183],[-52.6719984,-26.2339463],[-52.6720101,-26.2340584],[-52.6720164,-26.234191],[-52.6720253,-26.2343139]]}},{"type":"Feature","id":"way/946652729","properties":{"name":"Rua Itapuã","highway":"tertiary","osm_version":4,"osm_timestamp":"2022-01-31T13:48:32Z","osm_nodes":["1701782738","1698750978"]},"geometry":{"type":"LineString","coordinates":[[-52.6675962,-26.2305463],[-52.6674434,-26.2294015]]}},{"type":"Feature","id":"way/946652730","properties":{"name":"Rua Itapuã","highway":"residential","osm_version":3,"osm_timestamp":"2026-07-21T03:24:01Z","osm_nodes":["1701775666","2319128599","1701765263"]},"geometry":{"type":"LineString","coordinates":[[-52.6678897,-26.2328708],[-52.6678563,-26.2325644],[-52.6677398,-26.2316877]]}},{"type":"Feature","id":"way/946652731","properties":{"name":"Rua Araribóia","highway":"tertiary","osm_version":5,"osm_timestamp":"2024-10-24T01:42:20Z","osm_nodes":["1698751108","1699051539","1699956587","1701765261"]},"geometry":{"type":"LineString","coordinates":[[-52.6725605,-26.2288115],[-52.6716163,-26.2289366],[-52.6715365,-26.2289448],[-52.6706169,-26.2290434]]}},{"type":"Feature","id":"way/946652732","properties":{"name":"Rua Itacolomi","highway":"tertiary","osm_version":5,"osm_timestamp":"2024-10-24T01:29:39Z","osm_nodes":["1701765207","1700057752"]},"geometry":{"type":"LineString","coordinates":[[-52.6696884,-26.2303282],[-52.6707511,-26.2302092]]}},{"type":"Feature","id":"way/946652733","properties":{"name":"Rua Itacolomi","highway":"tertiary","osm_version":5,"osm_timestamp":"2025-11-30T15:09:26Z","osm_nodes":["1701782738","1698751043"]},"geometry":{"type":"LineString","coordinates":[[-52.6675962,-26.2305463],[-52.6686515,-26.2304356]]}},{"type":"Feature","id":"way/946652734","properties":{"name":"Rua Itabira","highway":"tertiary","osm_version":1,"osm_timestamp":"2021-05-25T00:36:27Z","osm_nodes":["1701765243","1700016781","1700016588"]},"geometry":{"type":"LineString","coordinates":[[-52.6698845,-26.2239026],[-52.6697445,-26.2239224],[-52.6688393,-26.2240112]]}},{"type":"Feature","id":"way/946652735","properties":{"name":"Rua Tapir","highway":"tertiary","osm_version":3,"osm_timestamp":"2022-07-23T01:44:12Z","osm_nodes":["1700016547","2603055182"]},"geometry":{"type":"LineString","coordinates":[[-52.6783566,-26.2259874],[-52.6789565,-26.226284]]}},{"type":"Feature","id":"way/946657211","properties":{"name":"Rua Paraná","highway":"tertiary","osm_version":2,"osm_timestamp":"2022-07-23T01:30:54Z","osm_nodes":["1698986013","8762969272","1698986034"]},"geometry":{"type":"LineString","coordinates":[[-52.6723517,-26.2362062],[-52.6722257,-26.236421],[-52.6721463,-26.2365363]]}},{"type":"Feature","id":"way/947160569","properties":{"highway":"residential","osm_version":1,"osm_timestamp":"2021-05-26T08:04:23Z","osm_nodes":["8767485074","1698986016"]},"geometry":{"type":"LineString","coordinates":[[-52.6702886,-26.2366275],[-52.6702408,-26.2370296]]}},{"type":"Feature","id":"way/947196539","properties":{"highway":"primary_link","osm_version":2,"osm_timestamp":"2021-05-26T12:24:58Z","osm_nodes":["6037702590","1700050477","1700050545"]},"geometry":{"type":"LineString","coordinates":[[-52.6718297,-26.2326953],[-52.6718074,-26.2327054],[-52.6716728,-26.2327397]]}},{"type":"Feature","id":"way/947197687","properties":{"name":"Rua Tamoio","highway":"tertiary","osm_version":3,"osm_timestamp":"2022-07-23T01:30:54Z","osm_nodes":["1698817069","1698817103"]},"geometry":{"type":"LineString","coordinates":[[-52.6729471,-26.2305652],[-52.6733242,-26.2299526]]}},{"type":"Feature","id":"way/947682485","properties":{"name":"Rua Daniel Pagnoncelli","highway":"residential","osm_version":3,"osm_timestamp":"2024-08-26T01:36:28Z","osm_nodes":["1701782682","1699972864"]},"geometry":{"type":"LineString","coordinates":[[-52.6630835,-26.2297962],[-52.6630018,-26.229102]]}},{"type":"Feature","id":"way/948079005","properties":{"name":"Travessa Eugênio Parzianelo","highway":"residential","osm_version":2,"osm_timestamp":"2023-05-18T22:46:52Z","osm_nodes":["1699972785","1701782748"]},"geometry":{"type":"LineString","coordinates":[[-52.6648891,-26.2274027],[-52.6649693,-26.2263246]]}},{"type":"Feature","id":"way/948082750","properties":{"highway":"residential","osm_version":1,"osm_timestamp":"2021-05-28T09:08:08Z","osm_nodes":["8775873425","8775873424","8775873423"]},"geometry":{"type":"LineString","coordinates":[[-52.6769708,-26.2332861],[-52.6767692,-26.2336091],[-52.6765412,-26.2334984]]}},{"type":"Feature","id":"way/948082753","properties":{"highway":"residential","osm_version":1,"osm_timestamp":"2021-05-28T09:08:08Z","osm_nodes":["8775873431","8775873430"]},"geometry":{"type":"LineString","coordinates":[[-52.679225,-26.2317705],[-52.6787834,-26.231541]]}},{"type":"Feature","id":"way/948082754","properties":{"highway":"residential","osm_version":1,"osm_timestamp":"2021-05-28T09:08:08Z","osm_nodes":["8775873435","8775873434","8775873433","8775873432"]},"geometry":{"type":"LineString","coordinates":[[-52.677362,-26.2308892],[-52.6771554,-26.2310083],[-52.6770227,-26.2311382],[-52.6767182,-26.2309265]]}},{"type":"Feature","id":"way/949995322","properties":{"name":"Rua Tapejara","highway":"residential","osm_version":1,"osm_timestamp":"2021-06-03T09:40:20Z","osm_nodes":["3740626390","3786517960","3740626389"]},"geometry":{"type":"LineString","coordinates":[[-52.6736243,-26.2237022],[-52.6739923,-26.2227526],[-52.6743161,-26.221906]]}},{"type":"Feature","id":"way/1026408178","properties":{"name":"Rua Itapuã","highway":"residential","osm_version":2,"osm_timestamp":"2022-01-31T13:47:06Z","osm_nodes":["1698750978","1701782754"]},"geometry":{"type":"LineString","coordinates":[[-52.6674434,-26.2294015],[-52.6672627,-26.2279495]]}},{"type":"Feature","id":"way/1026408513","properties":{"name":"Rua Araribóia","highway":"tertiary","osm_version":4,"osm_timestamp":"2024-08-26T01:36:28Z","osm_nodes":["1698750978","1698751156","1698751188","1698750938"]},"geometry":{"type":"LineString","coordinates":[[-52.6674434,-26.2294015],[-52.6670249,-26.2295192],[-52.6663388,-26.2297319],[-52.6657904,-26.2299]]}},{"type":"Feature","id":"way/1026409811","properties":{"name":"Rua Itapuã","highway":"residential","osm_version":3,"osm_timestamp":"2022-01-31T13:52:44Z","osm_nodes":["1701782754","1699972921"]},"geometry":{"type":"LineString","coordinates":[[-52.6672627,-26.2279495],[-52.667132,-26.22716]]}},{"type":"Feature","id":"way/1026409812","properties":{"name":"Rua Itapuã","highway":"residential","osm_version":2,"osm_timestamp":"2022-01-31T13:52:16Z","osm_nodes":["1699972921","1699972936"]},"geometry":{"type":"LineString","coordinates":[[-52.667132,-26.22716],[-52.6669911,-26.2260955]]}},{"type":"Feature","id":"way/1066117703","properties":{"name":"Rua Aimoré","highway":"residential","osm_version":6,"osm_timestamp":"2026-07-20T04:26:37Z","osm_nodes":["1700057747","1700057811","1700057716","1700057778","1700057842","1700057724","1700057808","1700057713","1700057712","9729850458","1700057807","1700057714","1700057730","14028036036","1700057780","14019074445"]},"geometry":{"type":"LineString","coordinates":[[-52.6674941,-26.2222472],[-52.6673263,-26.2211438],[-52.6672018,-26.2201886],[-52.6671185,-26.2194536],[-52.6671326,-26.2193723],[-52.6674876,-26.2185657],[-52.6680272,-26.2173048],[-52.6684571,-26.2162846],[-52.6686182,-26.2158507],[-52.6686243,-26.2152558],[-52.6686247,-26.2151753],[-52.6686266,-26.2138758],[-52.6686299,-26.2132442],[-52.6686189,-26.2127002],[-52.6686065,-26.212087],[-52.6686058,-26.2119016]]}},{"type":"Feature","id":"way/1242349246","properties":{"name":"Avenida Tupi","highway":"primary","osm_version":2,"osm_timestamp":"2024-01-23T22:00:03Z","osm_nodes":["1696978184","1696988142","1696988213","1696988145"]},"geometry":{"type":"LineString","coordinates":[[-52.671294,-26.2266626],[-52.6712765,-26.2265705],[-52.6711632,-26.2257601],[-52.6711472,-26.2256541]]}},{"type":"Feature","id":"way/1311150446","properties":{"name":"Rua Aracaju","highway":"residential","osm_version":1,"osm_timestamp":"2024-08-26T01:36:28Z","osm_nodes":["1701775780","8768016836"]},"geometry":{"type":"LineString","coordinates":[[-52.6652076,-26.2358186],[-52.6651731,-26.2355]]}},{"type":"Feature","id":"way/1323870907","properties":{"name":"Rua Tocantins","highway":"secondary","osm_version":3,"osm_timestamp":"2024-11-12T12:35:46Z","osm_nodes":["1699972896","1701765269"]},"geometry":{"type":"LineString","coordinates":[[-52.6704047,-26.227594],[-52.6702958,-26.226803]]}},{"type":"Feature","id":"way/1327695923","properties":{"name":"Rua Tocantins","highway":"secondary","osm_version":1,"osm_timestamp":"2024-10-24T01:29:39Z","osm_nodes":["1700057752","12283540814"]},"geometry":{"type":"LineString","coordinates":[[-52.6707511,-26.2302092],[-52.6708268,-26.2307676]]}},{"type":"Feature","id":"way/1333208652","properties":{"name":"Rua Iguaçu","highway":"tertiary","osm_version":1,"osm_timestamp":"2024-11-12T12:35:46Z","osm_nodes":["1701765269","1701765212"]},"geometry":{"type":"LineString","coordinates":[[-52.6702958,-26.226803],[-52.6692212,-26.2269221]]}},{"type":"Feature","id":"way/1333208653","properties":{"name":"Rua Tocantins","highway":"secondary","osm_version":2,"osm_timestamp":"2025-11-29T04:32:00Z","osm_nodes":["1701765269","1701765213","8771855854","1701765210"]},"geometry":{"type":"LineString","coordinates":[[-52.6702958,-26.226803],[-52.67012,-26.2257479],[-52.6700991,-26.2256113],[-52.6699991,-26.224825]]}},{"type":"Feature","id":"way/1333208655","properties":{"name":"Rua Tocantins","highway":"secondary","osm_version":2,"osm_timestamp":"2026-07-20T04:26:37Z","osm_nodes":["1700050499","8768119410","1700050487","1700050422"]},"geometry":{"type":"LineString","coordinates":[[-52.6708499,-26.2355629],[-52.6708856,-26.2361742],[-52.6709005,-26.236323],[-52.6709434,-26.2369942]]}},{"type":"Feature","id":"way/1333208656","properties":{"name":"Rua Tocantins","highway":"secondary","osm_version":1,"osm_timestamp":"2024-11-12T12:35:46Z","osm_nodes":["1700050549","12334515387"]},"geometry":{"type":"LineString","coordinates":[[-52.6707854,-26.2342863],[-52.6707893,-26.2344036]]}},{"type":"Feature","id":"way/1333250193","properties":{"name":"Travessa Santo Colla","highway":"tertiary","osm_version":1,"osm_timestamp":"2024-11-12T16:10:12Z","osm_nodes":["1699003025","1698986046","1698986018"]},"geometry":{"type":"LineString","coordinates":[[-52.6720382,-26.2362377],[-52.6719816,-26.2361773],[-52.6719448,-26.2361374]]}},{"type":"Feature","id":"way/1333250194","properties":{"name":"Travessa Santo Colla","highway":"tertiary","osm_version":1,"osm_timestamp":"2024-11-12T16:10:12Z","osm_nodes":["8767440042","1698986029","1699003044","1699003020","1700050389"]},"geometry":{"type":"LineString","coordinates":[[-52.6718995,-26.2360825],[-52.6716898,-26.2358284],[-52.6712929,-26.2353146],[-52.6709827,-26.2348955],[-52.6708163,-26.2347083]]}},{"type":"Feature","id":"way/1333250195","properties":{"highway":"primary_link","osm_version":2,"osm_timestamp":"2024-11-14T12:59:21Z","osm_nodes":["12334977924","12339315784","12339315782","12334977925","12339315783","12339315781","12334977926","1698931323"]},"geometry":{"type":"LineString","coordinates":[[-52.6721568,-26.2366597],[-52.672131,-26.2366712],[-52.6721223,-26.2366824],[-52.6721152,-26.2366975],[-52.6721283,-26.236898],[-52.672125,-26.2369142],[-52.6721151,-26.2369283],[-52.6720868,-26.2369358]]}},{"type":"Feature","id":"way/1454581164","properties":{"name":"Avenida Tupi","highway":"primary","osm_version":1,"osm_timestamp":"2025-11-29T04:32:00Z","osm_nodes":["1699003041","8762969276"]},"geometry":{"type":"LineString","coordinates":[[-52.6719346,-26.2343562],[-52.6719259,-26.23427]]}},{"type":"Feature","id":"way/1454581165","properties":{"name":"Avenida Brasil","highway":"tertiary","osm_version":1,"osm_timestamp":"2025-11-29T04:32:00Z","osm_nodes":["1698817142","1698785058","7680170448","7680170454","1698799118"]},"geometry":{"type":"LineString","coordinates":[[-52.6735855,-26.2316448],[-52.6743236,-26.2303991],[-52.6745909,-26.2299494],[-52.6747939,-26.2296073],[-52.6750968,-26.229133]]}},{"type":"Feature","id":"way/1454581166","properties":{"name":"Rua Tamoio","highway":"tertiary","osm_version":1,"osm_timestamp":"2025-11-29T04:32:00Z","osm_nodes":["1698817103","1698799105"]},"geometry":{"type":"LineString","coordinates":[[-52.6733242,-26.2299526],[-52.6738999,-26.2289584]]}},{"type":"Feature","id":"way/1454581167","properties":{"name":"Rua Araribóia","highway":"tertiary","osm_version":1,"osm_timestamp":"2025-11-29T04:32:00Z","osm_nodes":["12283540806","5177245544"]},"geometry":{"type":"LineString","coordinates":[[-52.6736946,-26.228702],[-52.673554,-26.2287174]]}},{"type":"Feature","id":"way/1454581168","properties":{"name":"Rua Tocantins","highway":"secondary","osm_version":1,"osm_timestamp":"2025-11-29T04:32:00Z","osm_nodes":["1700057752","1701765261"]},"geometry":{"type":"LineString","coordinates":[[-52.6707511,-26.2302092],[-52.6706169,-26.2290434]]}},{"type":"Feature","id":"way/1454581169","properties":{"name":"Rua Jaciretã","highway":"residential","osm_version":1,"osm_timestamp":"2025-11-29T04:32:00Z","osm_nodes":["1701784989","1701785020","1701785008","1701765210"]},"geometry":{"type":"LineString","coordinates":[[-52.6711436,-26.224759],[-52.6709426,-26.2247673],[-52.6704566,-26.2247806],[-52.6699991,-26.224825]]}},{"type":"Feature","id":"way/1454581170","properties":{"name":"Rua Tocantins","highway":"secondary","osm_version":1,"osm_timestamp":"2025-11-29T04:32:00Z","osm_nodes":["1701765210","1701765243"]},"geometry":{"type":"LineString","coordinates":[[-52.6699991,-26.224825],[-52.6698845,-26.2239026]]}},{"type":"Feature","id":"way/1454581171","properties":{"name":"Avenida Tupi","highway":"primary","osm_version":1,"osm_timestamp":"2025-11-29T04:32:00Z","osm_nodes":["1696988145","1696988167","1701784989"]},"geometry":{"type":"LineString","coordinates":[[-52.6711472,-26.2256541],[-52.6711488,-26.2249404],[-52.6711436,-26.224759]]}},{"type":"Feature","id":"way/1454581181","properties":{"name":"Rua Tapir","highway":"tertiary","osm_version":2,"osm_timestamp":"2026-07-18T18:35:56Z","osm_nodes":["8762805377","13122036262"]},"geometry":{"type":"LineString","coordinates":[[-52.6714122,-26.2226917],[-52.6714531,-26.2227054]]}},{"type":"Feature","id":"way/1454671237","properties":{"name":"Avenida Tupi","highway":"primary","osm_version":1,"osm_timestamp":"2025-11-29T14:52:54Z","osm_nodes":["1696988208","8762805377"]},"geometry":{"type":"LineString","coordinates":[[-52.6713766,-26.2227753],[-52.6714122,-26.2226917]]}},{"type":"Feature","id":"way/1454814287","properties":{"name":"Rua José Catani","highway":"residential","osm_version":1,"osm_timestamp":"2025-11-30T04:44:32Z","osm_nodes":["1701784987","1701784984","1701775735","1701775637"]},"geometry":{"type":"LineString","coordinates":[[-52.6621721,-26.225672],[-52.6622158,-26.2252613],[-52.662309,-26.2240804],[-52.662338,-26.2228483]]}},{"type":"Feature","id":"way/1454814288","properties":{"name":"Rua Tapir","highway":"residential","osm_version":2,"osm_timestamp":"2026-07-19T00:00:04Z","osm_nodes":["1701775637","1701775872","1701775727"]},"geometry":{"type":"LineString","coordinates":[[-52.662338,-26.2228483],[-52.661197,-26.2229787],[-52.6596782,-26.2231536]]}},{"type":"Feature","id":"way/1454924614","properties":{"name":"Rua Santa Fé","highway":"residential","osm_version":1,"osm_timestamp":"2025-11-30T15:09:26Z","osm_nodes":["1701775785","1701775779"]},"geometry":{"type":"LineString","coordinates":[[-52.6643061,-26.2366249],[-52.6643413,-26.2373159]]}},{"type":"Feature","id":"way/1454924615","properties":{"name":"Rua Doutor Francisco Beltrão","highway":"residential","osm_version":1,"osm_timestamp":"2025-11-30T15:09:26Z","osm_nodes":["1698931323","1698986038","1700050422"]},"geometry":{"type":"LineString","coordinates":[[-52.6720868,-26.2369358],[-52.6715147,-26.2369804],[-52.6709434,-26.2369942]]}},{"type":"Feature","id":"way/1454924616","properties":{"name":"Rua Aimoré","highway":"residential","osm_version":1,"osm_timestamp":"2025-11-30T15:09:26Z","osm_nodes":["1699972937","1700057727","1700057785","1701775940","1700016747"]},"geometry":{"type":"LineString","coordinates":[[-52.6681835,-26.2270354],[-52.6680447,-26.2259701],[-52.6678971,-26.2250272],[-52.6678142,-26.2244419],[-52.6677597,-26.2241325]]}},{"type":"Feature","id":"way/1454924617","properties":{"name":"Rua Iguaçu","highway":"residential","osm_version":1,"osm_timestamp":"2025-11-30T15:09:26Z","osm_nodes":["1701765212","1699972937"]},"geometry":{"type":"LineString","coordinates":[[-52.6692212,-26.2269221],[-52.6681835,-26.2270354]]}},{"type":"Feature","id":"way/1454924618","properties":{"name":"Rua Itacolomi","highway":"tertiary","osm_version":1,"osm_timestamp":"2025-11-30T15:09:26Z","osm_nodes":["1698751043","1701765207"]},"geometry":{"type":"LineString","coordinates":[[-52.6686515,-26.2304356],[-52.6696884,-26.2303282]]}},{"type":"Feature","id":"way/1454924619","properties":{"name":"Rua Aimoré","highway":"residential","osm_version":1,"osm_timestamp":"2025-11-30T15:09:26Z","osm_nodes":["1700057750","2319128589","8768119415","1700057792","1698751043"]},"geometry":{"type":"LineString","coordinates":[[-52.6689063,-26.2324543],[-52.6688942,-26.232281],[-52.6688526,-26.231921],[-52.6688158,-26.2315849],[-52.6686515,-26.2304356]]}},{"type":"Feature","id":"way/1454932835","properties":{"name":"Rua Tamoio","highway":"tertiary","osm_version":1,"osm_timestamp":"2025-11-30T15:52:15Z","osm_nodes":["1698799105","1698836980"]},"geometry":{"type":"LineString","coordinates":[[-52.6738999,-26.2289584],[-52.6740883,-26.2286588]]}},{"type":"Feature","id":"way/1454932840","properties":{"name":"Rua Caramuru","highway":"tertiary","osm_version":1,"osm_timestamp":"2025-11-30T15:52:15Z","osm_nodes":["1699972840","1698817071"]},"geometry":{"type":"LineString","coordinates":[[-52.6727296,-26.2300205],[-52.6727838,-26.2305031]]}},{"type":"Feature","id":"way/1454932841","properties":{"name":"Rua Itacolomi","highway":"tertiary","osm_version":1,"osm_timestamp":"2025-11-30T15:52:15Z","osm_nodes":["1699972840","1698817103"]},"geometry":{"type":"LineString","coordinates":[[-52.6727296,-26.2300205],[-52.6733242,-26.2299526]]}},{"type":"Feature","id":"way/1454946645","properties":{"name":"Rua Tamoio","highway":"tertiary","osm_version":1,"osm_timestamp":"2025-11-30T16:53:11Z","osm_nodes":["1698836980","1698799151"]},"geometry":{"type":"LineString","coordinates":[[-52.6740883,-26.2286588],[-52.6745768,-26.2278414]]}},{"type":"Feature","id":"way/1454946647","properties":{"name":"Avenida Brasil","highway":"tertiary","osm_version":1,"osm_timestamp":"2025-11-30T16:53:11Z","osm_nodes":["1698785031","1698785032","1701867033","1698784990","1701860340","1698785060","1698785012"]},"geometry":{"type":"LineString","coordinates":[[-52.6780124,-26.2241919],[-52.6781733,-26.223926],[-52.678581,-26.2234761],[-52.6787741,-26.2232788],[-52.6791872,-26.2228372],[-52.6794487,-26.2225738],[-52.6799302,-26.2220853]]}},{"type":"Feature","id":"way/1454946648","properties":{"name":"Rua Farrapos","highway":"residential","osm_version":1,"osm_timestamp":"2025-11-30T16:53:11Z","osm_nodes":["1700016516","8775825592","1700016654","1698785012"]},"geometry":{"type":"LineString","coordinates":[[-52.680885,-26.2228132],[-52.6806822,-26.2226574],[-52.6800831,-26.2221972],[-52.6799302,-26.2220853]]}},{"type":"Feature","id":"way/1455049455","properties":{"name":"Rua Itabira","highway":"tertiary","osm_version":1,"osm_timestamp":"2025-12-01T02:52:36Z","osm_nodes":["1700016779","1700016552"]},"geometry":{"type":"LineString","coordinates":[[-52.6757424,-26.2258793],[-52.6745979,-26.2253434]]}},{"type":"Feature","id":"way/1455053901","properties":{"name":"Rua Genuino Piacentini","highway":"residential","osm_version":1,"osm_timestamp":"2025-12-01T03:42:47Z","osm_nodes":["1701823177","10536882077","1701823179"]},"geometry":{"type":"LineString","coordinates":[[-52.6785167,-26.2340133],[-52.6786512,-26.2337841],[-52.6792516,-26.2327694]]}},{"type":"Feature","id":"way/1455053902","properties":{"name":"Rua Xingu","highway":"tertiary","osm_version":1,"osm_timestamp":"2025-12-01T03:42:47Z","osm_nodes":["1701823177","1701797163","8775873425","1701797077","1701797086","1700016686","1698817142"]},"geometry":{"type":"LineString","coordinates":[[-52.6785167,-26.2340133],[-52.6775806,-26.2335754],[-52.6769708,-26.2332861],[-52.6766378,-26.2331281],[-52.6756697,-26.2326645],[-52.6747247,-26.2321842],[-52.6735855,-26.2316448]]}},{"type":"Feature","id":"way/1455053909","properties":{"name":"Rua Genuino Piacentini","highway":"residential","osm_version":1,"osm_timestamp":"2025-12-01T03:42:47Z","osm_nodes":["1701823178","1701823177"]},"geometry":{"type":"LineString","coordinates":[[-52.6778447,-26.2350714],[-52.6785167,-26.2340133]]}},{"type":"Feature","id":"way/1455053910","properties":{"name":"Rua Xavantes","highway":"residential","osm_version":2,"osm_timestamp":"2026-07-21T03:24:01Z","osm_nodes":["1700016742","8767592503","1701797068","1701797079"]},"geometry":{"type":"LineString","coordinates":[[-52.6740614,-26.2332731],[-52.674401,-26.2334373],[-52.6750244,-26.2337388],[-52.6759847,-26.2342037]]}},{"type":"Feature","id":"way/1540314383","properties":{"name":"Rua Tapir","highway":"tertiary","osm_version":1,"osm_timestamp":"2026-07-18T18:35:56Z","osm_nodes":["13122036262","8762805380"]},"geometry":{"type":"LineString","coordinates":[[-52.6714531,-26.2227054],[-52.6714913,-26.2227181]]}},{"type":"Feature","id":"way/1540314388","properties":{"name":"Rua Tapir","highway":"residential","osm_version":2,"osm_timestamp":"2026-07-19T00:00:04Z","osm_nodes":["1701765249","1701765244","1700057747"]},"geometry":{"type":"LineString","coordinates":[[-52.6696271,-26.2220189],[-52.6685697,-26.2221269],[-52.6674941,-26.2222472]]}},{"type":"Feature","id":"way/1540314389","properties":{"name":"Rua Itapuã","highway":"residential","osm_version":2,"osm_timestamp":"2026-07-19T00:00:04Z","osm_nodes":["1701775953","1701775554"]},"geometry":{"type":"LineString","coordinates":[[-52.6666902,-26.2242514],[-52.6664229,-26.2223594]]}},{"type":"Feature","id":"way/1540314392","properties":{"name":"Rua Itapuã","highway":"residential","osm_version":1,"osm_timestamp":"2026-07-18T18:35:56Z","osm_nodes":["1701775554","1701782720"]},"geometry":{"type":"LineString","coordinates":[[-52.6664229,-26.2223594],[-52.6662589,-26.221258]]}},{"type":"Feature","id":"way/1540314396","properties":{"name":"Rua Clarice Cerqueira","highway":"residential","osm_version":1,"osm_timestamp":"2026-07-18T18:35:56Z","osm_nodes":["1701823172","1702887346","1701797137"]},"geometry":{"type":"LineString","coordinates":[[-52.6785119,-26.235397],[-52.6779229,-26.236383],[-52.6777832,-26.236642]]}},{"type":"Feature","id":"way/1540314397","properties":{"name":"Rua Xavantes","highway":"residential","osm_version":1,"osm_timestamp":"2026-07-18T18:35:56Z","osm_nodes":["1701823178","1701823172"]},"geometry":{"type":"LineString","coordinates":[[-52.6778447,-26.2350714],[-52.6785119,-26.235397]]}},{"type":"Feature","id":"way/1540314406","properties":{"name":"Rua Paraná","highway":"tertiary","osm_version":1,"osm_timestamp":"2026-07-18T18:35:56Z","osm_nodes":["1699972906","1700016545"]},"geometry":{"type":"LineString","coordinates":[[-52.6772552,-26.2279156],[-52.676692,-26.2288688]]}},{"type":"Feature","id":"way/1540367626","properties":{"name":"Rua Aimoré","highway":"residential","osm_version":1,"osm_timestamp":"2026-07-19T00:00:04Z","osm_nodes":["1700016747","1700057839","1700057747"]},"geometry":{"type":"LineString","coordinates":[[-52.6677597,-26.2241325],[-52.6675692,-26.2227747],[-52.6674941,-26.2222472]]}},{"type":"Feature","id":"way/1540367627","properties":{"name":"Rua Tapir","highway":"residential","osm_version":1,"osm_timestamp":"2026-07-19T00:00:04Z","osm_nodes":["1700057747","1701775554"]},"geometry":{"type":"LineString","coordinates":[[-52.6674941,-26.2222472],[-52.6664229,-26.2223594]]}},{"type":"Feature","id":"way/1540367629","properties":{"name":"Rua Itabira","highway":"tertiary","osm_version":1,"osm_timestamp":"2026-07-19T00:00:04Z","osm_nodes":["1700016588","1700016747"]},"geometry":{"type":"LineString","coordinates":[[-52.6688393,-26.2240112],[-52.6677597,-26.2241325]]}},{"type":"Feature","id":"way/1540367630","properties":{"name":"Rua Itabira","highway":"tertiary","osm_version":1,"osm_timestamp":"2026-07-19T00:00:04Z","osm_nodes":["1700016747","1701775953"]},"geometry":{"type":"LineString","coordinates":[[-52.6677597,-26.2241325],[-52.6666902,-26.2242514]]}},{"type":"Feature","id":"way/1540367631","properties":{"name":"Rua Itapuã","highway":"residential","osm_version":1,"osm_timestamp":"2026-07-19T00:00:04Z","osm_nodes":["1699972936","1701782699","1701775953"]},"geometry":{"type":"LineString","coordinates":[[-52.6669911,-26.2260955],[-52.6668449,-26.2251585],[-52.6666902,-26.2242514]]}},{"type":"Feature","id":"way/1540367632","properties":{"name":"Rua Silvio Vidal","highway":"residential","osm_version":1,"osm_timestamp":"2026-07-19T00:00:04Z","osm_nodes":["1701765259","1700057789","1701782754"]},"geometry":{"type":"LineString","coordinates":[[-52.6693467,-26.2277192],[-52.6682903,-26.2278456],[-52.6672627,-26.2279495]]}},{"type":"Feature","id":"way/1540917566","properties":{"name":"Rua Tocantins","highway":"secondary","osm_version":1,"osm_timestamp":"2026-07-20T04:26:37Z","osm_nodes":["12334515387","1700050556","1700050389","1700050395","1700050499"]},"geometry":{"type":"LineString","coordinates":[[-52.6707893,-26.2344036],[-52.6707928,-26.2345091],[-52.6708163,-26.2347083],[-52.6708243,-26.2349063],[-52.6708499,-26.2355629]]}},{"type":"Feature","id":"way/1540917567","properties":{"name":"Rua Tocantins","highway":"secondary","osm_version":1,"osm_timestamp":"2026-07-20T04:26:37Z","osm_nodes":["1700050422","1700050444","8767942980","1700050490"]},"geometry":{"type":"LineString","coordinates":[[-52.6709434,-26.2369942],[-52.6709981,-26.2381435],[-52.6710484,-26.2389576],[-52.6710932,-26.2396826]]}},{"type":"Feature","id":"way/1540917576","properties":{"name":"Rua Prefeito Graeff","highway":"residential","osm_version":1,"osm_timestamp":"2026-07-20T04:26:37Z","osm_nodes":["1701775745","1701776005","1701776011"]},"geometry":{"type":"LineString","coordinates":[[-52.6665714,-26.2348587],[-52.6673588,-26.2348949],[-52.6681824,-26.2349396]]}},{"type":"Feature","id":"way/1540917581","properties":{"name":"Rua Visconde de Tamandaré","highway":"residential","osm_version":1,"osm_timestamp":"2026-07-20T04:26:37Z","osm_nodes":["1701797142","1701797076","1701797157","1701797074","1701797165"]},"geometry":{"type":"LineString","coordinates":[[-52.674598,-26.2395216],[-52.6745752,-26.238866],[-52.6745027,-26.2379818],[-52.674433,-26.2368222],[-52.6750365,-26.2357805]]}},{"type":"Feature","id":"way/1540917582","properties":{"name":"Rua Mato Grosso","highway":"residential","osm_version":1,"osm_timestamp":"2026-07-20T04:26:37Z","osm_nodes":["1701797073","1701797137","1701797130","1701797049","1701797165"]},"geometry":{"type":"LineString","coordinates":[[-52.6780213,-26.2366266],[-52.6777832,-26.236642],[-52.6769505,-26.2366753],[-52.6760182,-26.2362436],[-52.6750365,-26.2357805]]}},{"type":"Feature","id":"way/1540917583","properties":{"name":"Rua Luiz Fravetto","highway":"residential","osm_version":1,"osm_timestamp":"2026-07-20T04:26:37Z","osm_nodes":["1700050505","1700057776","1700057745","1700057757"]},"geometry":{"type":"LineString","coordinates":[[-52.6698155,-26.2336506],[-52.6697554,-26.2341313],[-52.6697245,-26.2344438],[-52.6696018,-26.2354585]]}},{"type":"Feature","id":"way/1540917584","properties":{"name":"Rua Vereador José A. da Silva","highway":"residential","osm_version":1,"osm_timestamp":"2026-07-20T04:26:37Z","osm_nodes":["1700057757","1700050499"]},"geometry":{"type":"LineString","coordinates":[[-52.6696018,-26.2354585],[-52.6708499,-26.2355629]]}},{"type":"Feature","id":"way/1541189060","properties":{"name":"Rua Goianases","highway":"residential","osm_version":1,"osm_timestamp":"2026-07-21T03:24:01Z","osm_nodes":["14030263494","1701765265"]},"geometry":{"type":"LineString","coordinates":[[-52.6698227,-26.2313362],[-52.6698433,-26.231491]]}},{"type":"Feature","id":"way/1541189061","properties":{"name":"Travessa Pinheiro Machado","highway":"residential","osm_version":1,"osm_timestamp":"2026-07-21T03:24:01Z","osm_nodes":["1701765263","1700057792","1701765265"]},"geometry":{"type":"LineString","coordinates":[[-52.6677398,-26.2316877],[-52.6688158,-26.2315849],[-52.6698433,-26.231491]]}},{"type":"Feature","id":"way/1541189062","properties":{"name":"Rua Itapuã","highway":"residential","osm_version":1,"osm_timestamp":"2026-07-21T03:24:01Z","osm_nodes":["1701765263","1701782738"]},"geometry":{"type":"LineString","coordinates":[[-52.6677398,-26.2316877],[-52.6675962,-26.2305463]]}},{"type":"Feature","id":"way/1541189066","properties":{"name":"Rua Visconde de Tamandaré","highway":"residential","osm_version":1,"osm_timestamp":"2026-07-21T03:24:01Z","osm_nodes":["1701797165","14030263496","1701797079"]},"geometry":{"type":"LineString","coordinates":[[-52.6750365,-26.2357805],[-52.6758625,-26.2344069],[-52.6759847,-26.2342037]]}},{"type":"Feature","id":"way/1541189067","properties":{"name":"Rua Xavantes","highway":"residential","osm_version":1,"osm_timestamp":"2026-07-21T03:24:01Z","osm_nodes":["1701797079","1701797083","1701823178"]},"geometry":{"type":"LineString","coordinates":[[-52.6759847,-26.2342037],[-52.6769382,-26.2346593],[-52.6778447,-26.2350714]]}}]}
